repositorio,tipo_proyecto,nombre_proyecto,lenguaje_principal,lenguaje,porcentaje
proyecto_curso-intranet-universidad-matricula,proyecto_curso,intranet-universidad-matricula,HTML,HTML,35.64
proyecto_curso-intranet-universidad-matricula,proyecto_curso,intranet-universidad-matricula,HTML,PHP,24.6
proyecto_curso-intranet-universidad-matricula,proyecto_curso,intranet-universidad-matricula,HTML,JavaScript,23.96
proyecto_curso-intranet-universidad-matricula,proyecto_curso,intranet-universidad-matricula,HTML,CSS,10.37
proyecto_curso-intranet-universidad-matricula,proyecto_curso,intranet-universidad-matricula,HTML,SCSS,1.73
proyecto_curso-intranet-universidad-matricula,proyecto_curso,intranet-universidad-matricula,HTML,Java,1.68
proyecto_curso-intranet-universidad-matricula,proyecto_curso,intranet-universidad-matricula,HTML,Less,1.57
proyecto_curso-intranet-universidad-matricula,proyecto_curso,intranet-universidad-matricula,HTML,Hack,0.39
proyecto_curso-intranet-universidad-matricula,proyecto_curso,intranet-universidad-matricula,HTML,Ruby,0.04
proyecto_curso-intranet-cursos,proyecto_curso,intranet-cursos,Python,Python,98.79
proyecto_curso-intranet-cursos,proyecto_curso,intranet-cursos,Python,Dockerfile,1.21
proyecto_curso-tienda-de-zapatillas-kalpten,proyecto_curso,tienda-de-zapatillas-kalpten,Java,Java,100.0
proyecto_curso-laboratorio-automotriz-laditec,proyecto_curso,laboratorio-automotriz-laditec,CSS,CSS,33.98
proyecto_curso-laboratorio-automotriz-laditec,proyecto_curso,laboratorio-automotriz-laditec,CSS,HTML,26.82
proyecto_curso-laboratorio-automotriz-laditec,proyecto_curso,laboratorio-automotriz-laditec,CSS,Java,19.37
proyecto_curso-laboratorio-automotriz-laditec,proyecto_curso,laboratorio-automotriz-laditec,CSS,JavaScript,16.89
proyecto_curso-laboratorio-automotriz-laditec,proyecto_curso,laboratorio-automotriz-laditec,CSS,Shell,1.68
proyecto_curso-laboratorio-automotriz-laditec,proyecto_curso,laboratorio-automotriz-laditec,CSS,Batchfile,0.95
proyecto_curso-laboratorio-automotriz-laditec,proyecto_curso,laboratorio-automotriz-laditec,CSS,Gherkin,0.3
proyecto_curso-intranet-asistencias,proyecto_curso,intranet-asistencias,C#,C#,100.0
proyecto_curso_app_banca-api_usuario,proyecto_curso_app_banca,api_usuario,TypeScript,TypeScript,91.54
proyecto_curso_app_banca-api_usuario,proyecto_curso_app_banca,api_usuario,TypeScript,JavaScript,6.35
proyecto_curso_app_banca-api_usuario,proyecto_curso_app_banca,api_usuario,TypeScript,Dockerfile,2.1
proyecto_curso_app_banca-api_productos,proyecto_curso_app_banca,api_productos,C#,C#,99.74
proyecto_curso_app_banca-api_productos,proyecto_curso_app_banca,api_productos,C#,ASP.NET,0.26
proyecto_curso_app_banca-api_notificaciones,proyecto_curso_app_banca,api_notificaciones,PHP,PHP,99.11
proyecto_curso_app_banca-api_notificaciones,proyecto_curso_app_banca,api_notificaciones,PHP,JavaScript,0.56
proyecto_curso_app_banca-api_notificaciones,proyecto_curso_app_banca,api_notificaciones,PHP,C#,0.27
proyecto_curso_app_banca-api_notificaciones,proyecto_curso_app_banca,api_notificaciones,PHP,Hack,0.06
proyecto_curso_app_banca-api_servicios,proyecto_curso_app_banca,api_servicios,Python,Python,58.49
proyecto_curso_app_banca-api_servicios,proyecto_curso_app_banca,api_servicios,Python,TypeScript,29.97
proyecto_curso_app_banca-api_servicios,proyecto_curso_app_banca,api_servicios,Python,C#,9.11
proyecto_curso_app_banca-api_servicios,proyecto_curso_app_banca,api_servicios,Python,JavaScript,1.27
proyecto_curso_app_banca-api_servicios,proyecto_curso_app_banca,api_servicios,Python,HTML,0.64
proyecto_curso_app_banca-api_servicios,proyecto_curso_app_banca,api_servicios,Python,CSS,0.29
proyecto_curso_app_banca-api_servicios,proyecto_curso_app_banca,api_servicios,Python,Dockerfile,0.23
proyecto_curso_app_banca-api_operacion,proyecto_curso_app_banca,api_operacion,Java,Java,100.0
proyecto_unidad_ii-intranet-asistencias,proyecto_unidad_ii,intranet-asistencias,C#,C#,95.24
proyecto_unidad_ii-intranet-asistencias,proyecto_unidad_ii,intranet-asistencias,C#,Python,4.76
proyecto_unidad_ii-intranet-cursos,proyecto_unidad_ii,intranet-cursos,Python,Python,99.34
proyecto_unidad_ii-intranet-cursos,proyecto_unidad_ii,intranet-cursos,Python,Dockerfile,0.66
proyecto_unidad_ii-intranet-universidad-matricula,proyecto_unidad_ii,intranet-universidad-matricula,HTML,HTML,93.57
proyecto_unidad_ii-intranet-universidad-matricula,proyecto_unidad_ii,intranet-universidad-matricula,HTML,Java,6.43
proyecto-unidad-iii-pds-api_notificaciones,proyecto,unidad-iii-pds-api_notificaciones,JavaScript,JavaScript,88.0
proyecto-unidad-iii-pds-api_notificaciones,proyecto,unidad-iii-pds-api_notificaciones,JavaScript,HTML,12.0
proyecto-unidad-iii-pds-api_servicios,proyecto,unidad-iii-pds-api_servicios,Python,Python,50.93
proyecto-unidad-iii-pds-api_servicios,proyecto,unidad-iii-pds-api_servicios,Python,TypeScript,40.48
proyecto-unidad-iii-pds-api_servicios,proyecto,unidad-iii-pds-api_servicios,Python,C#,6.76
proyecto-unidad-iii-pds-api_servicios,proyecto,unidad-iii-pds-api_servicios,Python,JavaScript,0.95
proyecto-unidad-iii-pds-api_servicios,proyecto,unidad-iii-pds-api_servicios,Python,HTML,0.48
proyecto-unidad-iii-pds-api_servicios,proyecto,unidad-iii-pds-api_servicios,Python,CSS,0.22
proyecto-unidad-iii-pds-api_servicios,proyecto,unidad-iii-pds-api_servicios,Python,Dockerfile,0.17
proyecto-unidad-iii-pds-api_operacion,proyecto,unidad-iii-pds-api_operacion,Java,Java,40.23
proyecto-unidad-iii-pds-api_operacion,proyecto,unidad-iii-pds-api_operacion,Java,HTML,26.95
proyecto-unidad-iii-pds-api_operacion,proyecto,unidad-iii-pds-api_operacion,Java,TypeScript,20.33
proyecto-unidad-iii-pds-api_operacion,proyecto,unidad-iii-pds-api_operacion,Java,CSS,11.01
proyecto-unidad-iii-pds-api_operacion,proyecto,unidad-iii-pds-api_operacion,Java,JavaScript,1.47
proyecto-unidad-i-grupo-1-ac-jc-jj-jr-jv,proyecto,unidad-i-grupo-1-ac-jc-jj-jr-jv,C#,C#,88.59
proyecto-unidad-i-grupo-1-ac-jc-jj-jr-jv,proyecto,unidad-i-grupo-1-ac-jc-jj-jr-jv,C#,TSQL,9.97
proyecto-unidad-i-grupo-1-ac-jc-jj-jr-jv,proyecto,unidad-i-grupo-1-ac-jc-jj-jr-jv,C#,Dockerfile,0.98
proyecto-unidad-i-grupo-1-ac-jc-jj-jr-jv,proyecto,unidad-i-grupo-1-ac-jc-jj-jr-jv,C#,Batchfile,0.46
proyecto-smi-2023-ii-u1-moana,proyecto,smi-2023-ii-u1-moana,C#,C#,100.0
proyecto-smi-2023-ii-u1-appcrafters,proyecto,smi-2023-ii-u1-appcrafters,LLVM,LLVM,65.76
proyecto-smi-2023-ii-u1-appcrafters,proyecto,smi-2023-ii-u1-appcrafters,LLVM,Java,34.05
proyecto-smi-2023-ii-u1-appcrafters,proyecto,smi-2023-ii-u1-appcrafters,LLVM,C#,0.15
proyecto-smi-2023-ii-u1-appcrafters,proyecto,smi-2023-ii-u1-appcrafters,LLVM,AIDL,0.04
proyecto-smi-2023-ii-u1-mauiteam,proyecto,smi-2023-ii-u1-mauiteam,LLVM,LLVM,65.4
proyecto-smi-2023-ii-u1-mauiteam,proyecto,smi-2023-ii-u1-mauiteam,LLVM,Java,33.6
proyecto-smi-2023-ii-u1-mauiteam,proyecto,smi-2023-ii-u1-mauiteam,LLVM,C#,0.97
proyecto-smi-2023-ii-u1-mauiteam,proyecto,smi-2023-ii-u1-mauiteam,LLVM,AIDL,0.04
proyecto-smi-2023-ii-u1-brawlhalla,proyecto,smi-2023-ii-u1-brawlhalla,Java,Java,90.05
proyecto-smi-2023-ii-u1-brawlhalla,proyecto,smi-2023-ii-u1-brawlhalla,Java,C#,9.61
proyecto-smi-2023-ii-u1-brawlhalla,proyecto,smi-2023-ii-u1-brawlhalla,Java,AIDL,0.35
proyecto-smi-2023-ii-u1-moviles5,proyecto,smi-2023-ii-u1-moviles5,Kotlin,Kotlin,100.0
proyecto-cps-2023-ii-u1-proyecto_calidadu1_grupal_valverde,proyecto,cps-2023-ii-u1-proyecto_calidadu1_grupal_valverde,Java,Java,100.0
proyecto-cps-2023-ii-u1-sistema-de-gestion-hotelera,proyecto,cps-2023-ii-u1-sistema-de-gestion-hotelera,Java,Java,100.0
proyecto-smi-2023-ii-u2-grupogym,proyecto,smi-2023-ii-u2-grupogym,Kotlin,Kotlin,100.0
proyecto-smi-2023-ii-u2-streamfy_team,proyecto,smi-2023-ii-u2-streamfy_team,LLVM,LLVM,66.1
proyecto-smi-2023-ii-u2-streamfy_team,proyecto,smi-2023-ii-u2-streamfy_team,LLVM,Java,32.88
proyecto-smi-2023-ii-u2-streamfy_team,proyecto,smi-2023-ii-u2-streamfy_team,LLVM,C#,0.95
proyecto-smi-2023-ii-u2-streamfy_team,proyecto,smi-2023-ii-u2-streamfy_team,LLVM,AIDL,0.07
proyecto-smi-2023-ii-u2-moanatracker,proyecto,smi-2023-ii-u2-moanatracker,C#,C#,100.0
proyecto-2023-ii-bdii-u3-gestion-de-usuario,proyecto,2023-ii-bdii-u3-gestion-de-usuario,Python,Python,98.68
proyecto-2023-ii-bdii-u3-gestion-de-usuario,proyecto,2023-ii-bdii-u3-gestion-de-usuario,Python,Dockerfile,1.32
proyecto-smi-2023-ii-u2-mangaverse,proyecto,smi-2023-ii-u2-mangaverse,LLVM,LLVM,65.4
proyecto-smi-2023-ii-u2-mangaverse,proyecto,smi-2023-ii-u2-mangaverse,LLVM,Java,33.6
proyecto-smi-2023-ii-u2-mangaverse,proyecto,smi-2023-ii-u2-mangaverse,LLVM,C#,0.97
proyecto-smi-2023-ii-u2-mangaverse,proyecto,smi-2023-ii-u2-mangaverse,LLVM,AIDL,0.04
proyecto-smi-2023-ii-u2-stageapp_brawlhalla,proyecto,smi-2023-ii-u2-stageapp_brawlhalla,C++,C++,40.85
proyecto-smi-2023-ii-u2-stageapp_brawlhalla,proyecto,smi-2023-ii-u2-stageapp_brawlhalla,C++,Assembly,38.04
proyecto-smi-2023-ii-u2-stageapp_brawlhalla,proyecto,smi-2023-ii-u2-stageapp_brawlhalla,C++,Java,21.0
proyecto-smi-2023-ii-u2-stageapp_brawlhalla,proyecto,smi-2023-ii-u2-stageapp_brawlhalla,C++,C#,0.08
proyecto-smi-2023-ii-u2-stageapp_brawlhalla,proyecto,smi-2023-ii-u2-stageapp_brawlhalla,C++,AIDL,0.02
proyecto-smi-2023-ii-u2-stageapp_brawlhalla,proyecto,smi-2023-ii-u2-stageapp_brawlhalla,C++,Julia,0.0
proyecto-smi-2023-ii-u2-stageapp_brawlhalla,proyecto,smi-2023-ii-u2-stageapp_brawlhalla,C++,ActionScript,0.0
proyecto-smi-2023-ii-u2-stageapp_brawlhalla,proyecto,smi-2023-ii-u2-stageapp_brawlhalla,C++,Makefile,0.0
proyecto-smi-2023-ii-u2-stageapp_brawlhalla,proyecto,smi-2023-ii-u2-stageapp_brawlhalla,C++,Roff,0.0
proyecto-2023-ii-bdii-u3-gestion-de-viajes,proyecto,2023-ii-bdii-u3-gestion-de-viajes,PHP,PHP,58.89
proyecto-2023-ii-bdii-u3-gestion-de-viajes,proyecto,2023-ii-bdii-u3-gestion-de-viajes,PHP,C#,19.17
proyecto-2023-ii-bdii-u3-gestion-de-viajes,proyecto,2023-ii-bdii-u3-gestion-de-viajes,PHP,Blade,17.88
proyecto-2023-ii-bdii-u3-gestion-de-viajes,proyecto,2023-ii-bdii-u3-gestion-de-viajes,PHP,Python,1.75
proyecto-2023-ii-bdii-u3-gestion-de-viajes,proyecto,2023-ii-bdii-u3-gestion-de-viajes,PHP,TSQL,1.62
proyecto-2023-ii-bdii-u3-gestion-de-viajes,proyecto,2023-ii-bdii-u3-gestion-de-viajes,PHP,Dockerfile,0.51
proyecto-2023-ii-bdii-u3-gestion-de-viajes,proyecto,2023-ii-bdii-u3-gestion-de-viajes,PHP,JavaScript,0.18
proyecto-2023-ii-bdii-u3-grupo-1-ac-jc-jj-jr-jv,proyecto,2023-ii-bdii-u3-grupo-1-ac-jc-jj-jr-jv,PHP,PHP,50.72
proyecto-2023-ii-bdii-u3-grupo-1-ac-jc-jj-jr-jv,proyecto,2023-ii-bdii-u3-grupo-1-ac-jc-jj-jr-jv,PHP,C#,31.47
proyecto-2023-ii-bdii-u3-grupo-1-ac-jc-jj-jr-jv,proyecto,2023-ii-bdii-u3-grupo-1-ac-jc-jj-jr-jv,PHP,Blade,14.27
proyecto-2023-ii-bdii-u3-grupo-1-ac-jc-jj-jr-jv,proyecto,2023-ii-bdii-u3-grupo-1-ac-jc-jj-jr-jv,PHP,TSQL,2.58
proyecto-2023-ii-bdii-u3-grupo-1-ac-jc-jj-jr-jv,proyecto,2023-ii-bdii-u3-grupo-1-ac-jc-jj-jr-jv,PHP,Dockerfile,0.82
proyecto-2023-ii-bdii-u3-grupo-1-ac-jc-jj-jr-jv,proyecto,2023-ii-bdii-u3-grupo-1-ac-jc-jj-jr-jv,PHP,JavaScript,0.14
proyecto-si784-2024-i-u1-tgu1_briceno_lopez_cuadros_castaneda,proyecto,si784-2024-i-u1-tgu1_briceno_lopez_cuadros_castaneda,PHP,PHP,94.04
proyecto-si784-2024-i-u1-tgu1_briceno_lopez_cuadros_castaneda,proyecto,si784-2024-i-u1-tgu1_briceno_lopez_cuadros_castaneda,PHP,Hack,4.74
proyecto-si784-2024-i-u1-tgu1_briceno_lopez_cuadros_castaneda,proyecto,si784-2024-i-u1-tgu1_briceno_lopez_cuadros_castaneda,PHP,JavaScript,0.9
proyecto-si784-2024-i-u1-tgu1_briceno_lopez_cuadros_castaneda,proyecto,si784-2024-i-u1-tgu1_briceno_lopez_cuadros_castaneda,PHP,CSS,0.32
proyecto-si784-2024-i-u1-tgu2_cabrera_agreda_meza_ortiz,proyecto,si784-2024-i-u1-tgu2_cabrera_agreda_meza_ortiz,Java,Java,98.07
proyecto-si784-2024-i-u1-tgu2_cabrera_agreda_meza_ortiz,proyecto,si784-2024-i-u1-tgu2_cabrera_agreda_meza_ortiz,Java,Gherkin,1.93
proyecto-si784-2024-i-u1-cps_apaza_paco_lupaca_escobar,proyecto,si784-2024-i-u1-cps_apaza_paco_lupaca_escobar,PHP,PHP,71.7
proyecto-si784-2024-i-u1-cps_apaza_paco_lupaca_escobar,proyecto,si784-2024-i-u1-cps_apaza_paco_lupaca_escobar,PHP,Hack,13.32
proyecto-si784-2024-i-u1-cps_apaza_paco_lupaca_escobar,proyecto,si784-2024-i-u1-cps_apaza_paco_lupaca_escobar,PHP,JavaScript,12.68
proyecto-si784-2024-i-u1-cps_apaza_paco_lupaca_escobar,proyecto,si784-2024-i-u1-cps_apaza_paco_lupaca_escobar,PHP,CSS,2.29
proyecto-si784-2024-i-u1-tgu3_hurtado_melendez_paja,proyecto,si784-2024-i-u1-tgu3_hurtado_melendez_paja,Java,Java,79.57
proyecto-si784-2024-i-u1-tgu3_hurtado_melendez_paja,proyecto,si784-2024-i-u1-tgu3_hurtado_melendez_paja,Java,CSS,15.98
proyecto-si784-2024-i-u1-tgu3_hurtado_melendez_paja,proyecto,si784-2024-i-u1-tgu3_hurtado_melendez_paja,Java,JavaScript,4.45
proyecto-si784-2024-i-u1-tgu4_apaza_cutipa__churacutipa_huallpa,proyecto,si784-2024-i-u1-tgu4_apaza_cutipa__churacutipa_huallpa,PHP,PHP,46.95
proyecto-si784-2024-i-u1-tgu4_apaza_cutipa__churacutipa_huallpa,proyecto,si784-2024-i-u1-tgu4_apaza_cutipa__churacutipa_huallpa,PHP,HTML,42.23
proyecto-si784-2024-i-u1-tgu4_apaza_cutipa__churacutipa_huallpa,proyecto,si784-2024-i-u1-tgu4_apaza_cutipa__churacutipa_huallpa,PHP,Java,6.29
proyecto-si784-2024-i-u1-tgu4_apaza_cutipa__churacutipa_huallpa,proyecto,si784-2024-i-u1-tgu4_apaza_cutipa__churacutipa_huallpa,PHP,CSS,3.13
proyecto-si784-2024-i-u1-tgu4_apaza_cutipa__churacutipa_huallpa,proyecto,si784-2024-i-u1-tgu4_apaza_cutipa__churacutipa_huallpa,PHP,Hack,0.91
proyecto-si784-2024-i-u1-tgu4_apaza_cutipa__churacutipa_huallpa,proyecto,si784-2024-i-u1-tgu4_apaza_cutipa__churacutipa_huallpa,PHP,JavaScript,0.35
proyecto-si784-2024-i-u1-tgu4_apaza_cutipa__churacutipa_huallpa,proyecto,si784-2024-i-u1-tgu4_apaza_cutipa__churacutipa_huallpa,PHP,Less,0.06
proyecto-si784-2024-i-u1-tgu4_apaza_cutipa__churacutipa_huallpa,proyecto,si784-2024-i-u1-tgu4_apaza_cutipa__churacutipa_huallpa,PHP,Gherkin,0.05
proyecto-si784-2024-i-u1-tgu4_apaza_cutipa__churacutipa_huallpa,proyecto,si784-2024-i-u1-tgu4_apaza_cutipa__churacutipa_huallpa,PHP,Shell,0.03
proyecto-si685-2024-i-u1-final-poma_floresramos_ayma_tapia_u1,proyecto,si685-2024-i-u1-final-poma_floresramos_ayma_tapia_u1,HTML,HTML,90.11
proyecto-si685-2024-i-u1-final-poma_floresramos_ayma_tapia_u1,proyecto,si685-2024-i-u1-final-poma_floresramos_ayma_tapia_u1,HTML,C#,9.87
proyecto-si685-2024-i-u1-final-poma_floresramos_ayma_tapia_u1,proyecto,si685-2024-i-u1-final-poma_floresramos_ayma_tapia_u1,HTML,JavaScript,0.01
proyecto-si685-2024-i-u1-final-grupo-01,proyecto,si685-2024-i-u1-final-grupo-01,HTML,HTML,84.32
proyecto-si685-2024-i-u1-final-grupo-01,proyecto,si685-2024-i-u1-final-grupo-01,HTML,C#,15.67
proyecto-si685-2024-i-u1-final-grupo-01,proyecto,si685-2024-i-u1-final-grupo-01,HTML,JavaScript,0.01
proyecto-si685-2024-i-u1-final-barrios_chire_fernandez_floresm_u1,proyecto,si685-2024-i-u1-final-barrios_chire_fernandez_floresm_u1,C#,C#,100.0
proyecto-si888-2024-i-u1-final-unity_gamedeveloper,proyecto,si888-2024-i-u1-final-unity_gamedeveloper,C#,C#,100.0
proyecto-si888-2024-i-u1-final-unity_pomamanchego_salluca_lostanau,proyecto,si888-2024-i-u1-final-unity_pomamanchego_salluca_lostanau,C#,C#,100.0
proyecto-si888-2024-i-u1-final-villanueva_neira_condori,proyecto,si888-2024-i-u1-final-villanueva_neira_condori,C#,C#,97.66
proyecto-si888-2024-i-u1-final-villanueva_neira_condori,proyecto,si888-2024-i-u1-final-villanueva_neira_condori,C#,ShaderLab,1.96
proyecto-si888-2024-i-u1-final-villanueva_neira_condori,proyecto,si888-2024-i-u1-final-villanueva_neira_condori,C#,HLSL,0.37
proyecto-si685-2024-i-u2-grupo01,proyecto,si685-2024-i-u2-grupo01,CSS,CSS,38.74
proyecto-si685-2024-i-u2-grupo01,proyecto,si685-2024-i-u2-grupo01,CSS,C#,36.19
proyecto-si685-2024-i-u2-grupo01,proyecto,si685-2024-i-u2-grupo01,CSS,HTML,25.07
proyecto-si685-2024-i-u2-grupo02,proyecto,si685-2024-i-u2-grupo02,Java,Java,100.0
proyecto-si885-2024-i-u2-paco_ccalli_zevallos_salinas_anahua,proyecto,si885-2024-i-u2-paco_ccalli_zevallos_salinas_anahua,R,R,63.31
proyecto-si885-2024-i-u2-paco_ccalli_zevallos_salinas_anahua,proyecto,si885-2024-i-u2-paco_ccalli_zevallos_salinas_anahua,R,Python,36.69
proyecto-si784-2024-i-u2-svm_apaza_paco_lupaca_escobar,proyecto,si784-2024-i-u2-svm_apaza_paco_lupaca_escobar,HTML,HTML,71.37
proyecto-si784-2024-i-u2-svm_apaza_paco_lupaca_escobar,proyecto,si784-2024-i-u2-svm_apaza_paco_lupaca_escobar,HTML,PHP,15.19
proyecto-si784-2024-i-u2-svm_apaza_paco_lupaca_escobar,proyecto,si784-2024-i-u2-svm_apaza_paco_lupaca_escobar,HTML,CSS,10.91
proyecto-si784-2024-i-u2-svm_apaza_paco_lupaca_escobar,proyecto,si784-2024-i-u2-svm_apaza_paco_lupaca_escobar,HTML,JavaScript,1.18
proyecto-si784-2024-i-u2-svm_apaza_paco_lupaca_escobar,proyecto,si784-2024-i-u2-svm_apaza_paco_lupaca_escobar,HTML,Gherkin,0.72
proyecto-si784-2024-i-u2-svm_apaza_paco_lupaca_escobar,proyecto,si784-2024-i-u2-svm_apaza_paco_lupaca_escobar,HTML,Less,0.61
proyecto-si784-2024-i-u2-svm_apaza_paco_lupaca_escobar,proyecto,si784-2024-i-u2-svm_apaza_paco_lupaca_escobar,HTML,Batchfile,0.03
proyecto-si784-2024-i-u2-saemcc_apaza_cutipa_churacutipa_huallpa,proyecto,si784-2024-i-u2-saemcc_apaza_cutipa_churacutipa_huallpa,PHP,PHP,49.24
proyecto-si784-2024-i-u2-saemcc_apaza_cutipa_churacutipa_huallpa,proyecto,si784-2024-i-u2-saemcc_apaza_cutipa_churacutipa_huallpa,PHP,HTML,48.89
proyecto-si784-2024-i-u2-saemcc_apaza_cutipa_churacutipa_huallpa,proyecto,si784-2024-i-u2-saemcc_apaza_cutipa_churacutipa_huallpa,PHP,Hack,0.83
proyecto-si784-2024-i-u2-saemcc_apaza_cutipa_churacutipa_huallpa,proyecto,si784-2024-i-u2-saemcc_apaza_cutipa_churacutipa_huallpa,PHP,CSS,0.82
proyecto-si784-2024-i-u2-saemcc_apaza_cutipa_churacutipa_huallpa,proyecto,si784-2024-i-u2-saemcc_apaza_cutipa_churacutipa_huallpa,PHP,JavaScript,0.08
proyecto-si784-2024-i-u2-saemcc_apaza_cutipa_churacutipa_huallpa,proyecto,si784-2024-i-u2-saemcc_apaza_cutipa_churacutipa_huallpa,PHP,Less,0.08
proyecto-si784-2024-i-u2-saemcc_apaza_cutipa_churacutipa_huallpa,proyecto,si784-2024-i-u2-saemcc_apaza_cutipa_churacutipa_huallpa,PHP,Gherkin,0.06
proyecto-si784-2024-i-u2-tgu2_briceno_lopez_cuadros_castaneda,proyecto,si784-2024-i-u2-tgu2_briceno_lopez_cuadros_castaneda,HTML,HTML,71.56
proyecto-si784-2024-i-u2-tgu2_briceno_lopez_cuadros_castaneda,proyecto,si784-2024-i-u2-tgu2_briceno_lopez_cuadros_castaneda,HTML,JavaScript,17.02
proyecto-si784-2024-i-u2-tgu2_briceno_lopez_cuadros_castaneda,proyecto,si784-2024-i-u2-tgu2_briceno_lopez_cuadros_castaneda,HTML,CSS,8.62
proyecto-si784-2024-i-u2-tgu2_briceno_lopez_cuadros_castaneda,proyecto,si784-2024-i-u2-tgu2_briceno_lopez_cuadros_castaneda,HTML,PHP,2.24
proyecto-si784-2024-i-u2-tgu2_briceno_lopez_cuadros_castaneda,proyecto,si784-2024-i-u2-tgu2_briceno_lopez_cuadros_castaneda,HTML,SCSS,0.45
proyecto-si784-2024-i-u2-tgu2_briceno_lopez_cuadros_castaneda,proyecto,si784-2024-i-u2-tgu2_briceno_lopez_cuadros_castaneda,HTML,Less,0.06
proyecto-si784-2024-i-u2-tgu2_briceno_lopez_cuadros_castaneda,proyecto,si784-2024-i-u2-tgu2_briceno_lopez_cuadros_castaneda,HTML,Gherkin,0.04
proyecto-si784-2024-i-u2-tgu2_briceno_lopez_cuadros_castaneda,proyecto,si784-2024-i-u2-tgu2_briceno_lopez_cuadros_castaneda,HTML,Ruby,0.0
proyecto-si685-2024-i-u3-proyecto_pdf_u3_grupo_3,proyecto,si685-2024-i-u3-proyecto_pdf_u3_grupo_3,Java,Java,67.57
proyecto-si685-2024-i-u3-proyecto_pdf_u3_grupo_3,proyecto,si685-2024-i-u3-proyecto_pdf_u3_grupo_3,Java,C#,20.43
proyecto-si685-2024-i-u3-proyecto_pdf_u3_grupo_3,proyecto,si685-2024-i-u3-proyecto_pdf_u3_grupo_3,Java,HTML,8.43
proyecto-si685-2024-i-u3-proyecto_pdf_u3_grupo_3,proyecto,si685-2024-i-u3-proyecto_pdf_u3_grupo_3,Java,CSS,3.4
proyecto-si685-2024-i-u3-proyecto_pdf_u3_grupo_3,proyecto,si685-2024-i-u3-proyecto_pdf_u3_grupo_3,Java,JavaScript,0.18
proyecto-si784-2024-i-u3-pysustainpartners,proyecto,si784-2024-i-u3-pysustainpartners,Java,Java,98.01
proyecto-si784-2024-i-u3-pysustainpartners,proyecto,si784-2024-i-u3-pysustainpartners,Java,Gherkin,1.99
proyecto-si685-2024-i-u3-proyecto_urls_u3_grupo_2,proyecto,si685-2024-i-u3-proyecto_urls_u3_grupo_2,Python,Python,99.2
proyecto-si685-2024-i-u3-proyecto_urls_u3_grupo_2,proyecto,si685-2024-i-u3-proyecto_urls_u3_grupo_2,Python,PowerShell,0.3
proyecto-si685-2024-i-u3-proyecto_urls_u3_grupo_2,proyecto,si685-2024-i-u3-proyecto_urls_u3_grupo_2,Python,HTML,0.21
proyecto-si685-2024-i-u3-proyecto_urls_u3_grupo_2,proyecto,si685-2024-i-u3-proyecto_urls_u3_grupo_2,Python,JavaScript,0.12
proyecto-si685-2024-i-u3-proyecto_urls_u3_grupo_2,proyecto,si685-2024-i-u3-proyecto_urls_u3_grupo_2,Python,C,0.08
proyecto-si685-2024-i-u3-proyecto_urls_u3_grupo_2,proyecto,si685-2024-i-u3-proyecto_urls_u3_grupo_2,Python,CSS,0.07
proyecto-si685-2024-i-u3-proyecto_urls_u3_grupo_2,proyecto,si685-2024-i-u3-proyecto_urls_u3_grupo_2,Python,Batchfile,0.02
proyecto-si888-2024-i-u3-zombiewardefender,proyecto,si888-2024-i-u3-zombiewardefender,C#,C#,32.18
proyecto-si888-2024-i-u3-zombiewardefender,proyecto,si888-2024-i-u3-zombiewardefender,C#,HLSL,31.19
proyecto-si888-2024-i-u3-zombiewardefender,proyecto,si888-2024-i-u3-zombiewardefender,C#,ShaderLab,29.47
proyecto-si888-2024-i-u3-zombiewardefender,proyecto,si888-2024-i-u3-zombiewardefender,C#,HTML,7.16
proyecto-si784-2024-i-u3-pybloodbank,proyecto,si784-2024-i-u3-pybloodbank,HTML,HTML,65.98
proyecto-si784-2024-i-u3-pybloodbank,proyecto,si784-2024-i-u3-pybloodbank,HTML,C#,27.15
proyecto-si784-2024-i-u3-pybloodbank,proyecto,si784-2024-i-u3-pybloodbank,HTML,CSS,4.63
proyecto-si784-2024-i-u3-pybloodbank,proyecto,si784-2024-i-u3-pybloodbank,HTML,JavaScript,1.43
proyecto-si784-2024-i-u3-pybloodbank,proyecto,si784-2024-i-u3-pybloodbank,HTML,Gherkin,0.81
proyecto-si885-2024-i-u3-salinas_anahua_zevallos_paco_ccalli,proyecto,si885-2024-i-u3-salinas_anahua_zevallos_paco_ccalli,R,R,94.61
proyecto-si885-2024-i-u3-salinas_anahua_zevallos_paco_ccalli,proyecto,si885-2024-i-u3-salinas_anahua_zevallos_paco_ccalli,R,Python,5.39
proyecto-si784-2024-i-u3-pysalesperson,proyecto,si784-2024-i-u3-pysalesperson,HTML,HTML,61.77
proyecto-si784-2024-i-u3-pysalesperson,proyecto,si784-2024-i-u3-pysalesperson,HTML,PHP,25.93
proyecto-si784-2024-i-u3-pysalesperson,proyecto,si784-2024-i-u3-pysalesperson,HTML,CSS,10.12
proyecto-si784-2024-i-u3-pysalesperson,proyecto,si784-2024-i-u3-pysalesperson,HTML,JavaScript,1.11
proyecto-si784-2024-i-u3-pysalesperson,proyecto,si784-2024-i-u3-pysalesperson,HTML,Gherkin,0.66
proyecto-si784-2024-i-u3-pysalesperson,proyecto,si784-2024-i-u3-pysalesperson,HTML,Less,0.38
proyecto-si784-2024-i-u3-pysalesperson,proyecto,si784-2024-i-u3-pysalesperson,HTML,Batchfile,0.02
proyecto-si784-2024-i-u3-pysistemamaquinariassosa,proyecto,si784-2024-i-u3-pysistemamaquinariassosa,PHP,PHP,72.05
proyecto-si784-2024-i-u3-pysistemamaquinariassosa,proyecto,si784-2024-i-u3-pysistemamaquinariassosa,PHP,HTML,27.32
proyecto-si784-2024-i-u3-pysistemamaquinariassosa,proyecto,si784-2024-i-u3-pysistemamaquinariassosa,PHP,CSS,0.25
proyecto-si784-2024-i-u3-pysistemamaquinariassosa,proyecto,si784-2024-i-u3-pysistemamaquinariassosa,PHP,Hack,0.21
proyecto-si784-2024-i-u3-pysistemamaquinariassosa,proyecto,si784-2024-i-u3-pysistemamaquinariassosa,PHP,Gherkin,0.1
proyecto-si784-2024-i-u3-pysistemamaquinariassosa,proyecto,si784-2024-i-u3-pysistemamaquinariassosa,PHP,JavaScript,0.04
proyecto-si784-2024-i-u3-pysistemamaquinariassosa,proyecto,si784-2024-i-u3-pysistemamaquinariassosa,PHP,Less,0.03
proyecto-si888-2024-i-u3-renatitobot,proyecto,si888-2024-i-u3-renatitobot,C#,C#,50.11
proyecto-si888-2024-i-u3-renatitobot,proyecto,si888-2024-i-u3-renatitobot,C#,ShaderLab,39.19
proyecto-si888-2024-i-u3-renatitobot,proyecto,si888-2024-i-u3-renatitobot,C#,HTML,7.45
proyecto-si888-2024-i-u3-renatitobot,proyecto,si888-2024-i-u3-renatitobot,C#,HLSL,3.25
proyecto-si888-2024-i-u3-parkout-astroneer-1,proyecto,si888-2024-i-u3-parkout-astroneer-1,ASP.NET,ASP.NET,53.6
proyecto-si888-2024-i-u3-parkout-astroneer-1,proyecto,si888-2024-i-u3-parkout-astroneer-1,ASP.NET,ShaderLab,23.74
proyecto-si888-2024-i-u3-parkout-astroneer-1,proyecto,si888-2024-i-u3-parkout-astroneer-1,ASP.NET,HTML,10.89
proyecto-si888-2024-i-u3-parkout-astroneer-1,proyecto,si888-2024-i-u3-parkout-astroneer-1,ASP.NET,C#,7.22
proyecto-si888-2024-i-u3-parkout-astroneer-1,proyecto,si888-2024-i-u3-parkout-astroneer-1,ASP.NET,HLSL,4.13
proyecto-si888-2024-i-u3-parkout-astroneer-1,proyecto,si888-2024-i-u3-parkout-astroneer-1,ASP.NET,CSS,0.42
proyecto-si685-2024-i-u3-proyecto_urls_u3_grupo_1,proyecto,si685-2024-i-u3-proyecto_urls_u3_grupo_1,Python,Python,99.3
proyecto-si685-2024-i-u3-proyecto_urls_u3_grupo_1,proyecto,si685-2024-i-u3-proyecto_urls_u3_grupo_1,Python,PowerShell,0.21
proyecto-si685-2024-i-u3-proyecto_urls_u3_grupo_1,proyecto,si685-2024-i-u3-proyecto_urls_u3_grupo_1,Python,HTML,0.2
proyecto-si685-2024-i-u3-proyecto_urls_u3_grupo_1,proyecto,si685-2024-i-u3-proyecto_urls_u3_grupo_1,Python,JavaScript,0.12
proyecto-si685-2024-i-u3-proyecto_urls_u3_grupo_1,proyecto,si685-2024-i-u3-proyecto_urls_u3_grupo_1,Python,C,0.08
proyecto-si685-2024-i-u3-proyecto_urls_u3_grupo_1,proyecto,si685-2024-i-u3-proyecto_urls_u3_grupo_1,Python,CSS,0.07
proyecto-si685-2024-i-u3-proyecto_urls_u3_grupo_1,proyecto,si685-2024-i-u3-proyecto_urls_u3_grupo_1,Python,Batchfile,0.01
proyecto-si784-2024-i-u3-pysistemaalquilerdevehiculos,proyecto,si784-2024-i-u3-pysistemaalquilerdevehiculos,HTML,HTML,71.57
proyecto-si784-2024-i-u3-pysistemaalquilerdevehiculos,proyecto,si784-2024-i-u3-pysistemaalquilerdevehiculos,HTML,JavaScript,17.04
proyecto-si784-2024-i-u3-pysistemaalquilerdevehiculos,proyecto,si784-2024-i-u3-pysistemaalquilerdevehiculos,HTML,CSS,8.63
proyecto-si784-2024-i-u3-pysistemaalquilerdevehiculos,proyecto,si784-2024-i-u3-pysistemaalquilerdevehiculos,HTML,PHP,2.24
proyecto-si784-2024-i-u3-pysistemaalquilerdevehiculos,proyecto,si784-2024-i-u3-pysistemaalquilerdevehiculos,HTML,SCSS,0.45
proyecto-si784-2024-i-u3-pysistemaalquilerdevehiculos,proyecto,si784-2024-i-u3-pysistemaalquilerdevehiculos,HTML,Less,0.06
proyecto-si784-2024-i-u3-pysistemaalquilerdevehiculos,proyecto,si784-2024-i-u3-pysistemaalquilerdevehiculos,HTML,Gherkin,0.02
proyecto-si784-2024-i-u3-pysistemaalquilerdevehiculos,proyecto,si784-2024-i-u3-pysistemaalquilerdevehiculos,HTML,Ruby,0.0
proyecto-si885-2024-ii-u1-tg01apazachuracutcutiescohuallpa,proyecto,si885-2024-ii-u1-tg01apazachuracutcutiescohuallpa,Python,Python,90.41
proyecto-si885-2024-ii-u1-tg01apazachuracutcutiescohuallpa,proyecto,si885-2024-ii-u1-tg01apazachuracutcutiescohuallpa,Python,Batchfile,9.41
proyecto-si885-2024-ii-u1-tg01apazachuracutcutiescohuallpa,proyecto,si885-2024-ii-u1-tg01apazachuracutcutiescohuallpa,Python,VBScript,0.18
proyecto-si885-2024-ii-u1-tgu01lunaquispemamanihernandezmeza,proyecto,si885-2024-ii-u1-tgu01lunaquispemamanihernandezmeza,HCL,HCL,100.0
proyecto-si8811a-2024-ii-u1-pruebas-cano-valverde,proyecto,si8811a-2024-ii-u1-pruebas-cano-valverde,Python,Python,99.03
proyecto-si8811a-2024-ii-u1-pruebas-cano-valverde,proyecto,si8811a-2024-ii-u1-pruebas-cano-valverde,Python,JavaScript,0.34
proyecto-si8811a-2024-ii-u1-pruebas-cano-valverde,proyecto,si8811a-2024-ii-u1-pruebas-cano-valverde,Python,C,0.29
proyecto-si8811a-2024-ii-u1-pruebas-cano-valverde,proyecto,si8811a-2024-ii-u1-pruebas-cano-valverde,Python,PowerShell,0.16
proyecto-si8811a-2024-ii-u1-pruebas-cano-valverde,proyecto,si8811a-2024-ii-u1-pruebas-cano-valverde,Python,Gherkin,0.09
proyecto-si8811a-2024-ii-u1-pruebas-cano-valverde,proyecto,si8811a-2024-ii-u1-pruebas-cano-valverde,Python,CSS,0.04
proyecto-si8811a-2024-ii-u1-pruebas-cano-valverde,proyecto,si8811a-2024-ii-u1-pruebas-cano-valverde,Python,Jinja,0.03
proyecto-si8811a-2024-ii-u1-pruebas-cano-valverde,proyecto,si8811a-2024-ii-u1-pruebas-cano-valverde,Python,HTML,0.02
proyecto-si8811a-2024-ii-u1-pruebas-cano-valverde,proyecto,si8811a-2024-ii-u1-pruebas-cano-valverde,Python,Batchfile,0.01
proyecto-si8811a-2024-ii-u1-pruebas-cano-valverde,proyecto,si8811a-2024-ii-u1-pruebas-cano-valverde,Python,Dockerfile,0.0
proyecto-si8811a-2024-ii-u1-desarrollo-api-back,proyecto,si8811a-2024-ii-u1-desarrollo-api-back,HCL,HCL,100.0
proyecto-si8811a-2024-ii-u1-pruebas-2-rivera-lupaca,proyecto,si8811a-2024-ii-u1-pruebas-2-rivera-lupaca,Python,Python,100.0
proyecto-si8811a-2024-ii-u1-apis-y-funciones-jarro-y-valle,proyecto,si8811a-2024-ii-u1-apis-y-funciones-jarro-y-valle,C#,C#,92.1
proyecto-si8811a-2024-ii-u1-apis-y-funciones-jarro-y-valle,proyecto,si8811a-2024-ii-u1-apis-y-funciones-jarro-y-valle,C#,Dockerfile,7.9
proyecto-si8811a-2024-ii-u1-api-y-funciones-zevallos-y-anahua,proyecto,si8811a-2024-ii-u1-api-y-funciones-zevallos-y-anahua,Python,Python,97.86
proyecto-si8811a-2024-ii-u1-api-y-funciones-zevallos-y-anahua,proyecto,si8811a-2024-ii-u1-api-y-funciones-zevallos-y-anahua,Python,Dockerfile,2.14
proyecto-si784-2024-ii-u1-hernandez_paja_contreras,proyecto,si784-2024-ii-u1-hernandez_paja_contreras,HTML,HTML,83.3
proyecto-si784-2024-ii-u1-hernandez_paja_contreras,proyecto,si784-2024-ii-u1-hernandez_paja_contreras,HTML,C#,8.94
proyecto-si784-2024-ii-u1-hernandez_paja_contreras,proyecto,si784-2024-ii-u1-hernandez_paja_contreras,HTML,CSS,6.02
proyecto-si784-2024-ii-u1-hernandez_paja_contreras,proyecto,si784-2024-ii-u1-hernandez_paja_contreras,HTML,TSQL,0.89
proyecto-si784-2024-ii-u1-hernandez_paja_contreras,proyecto,si784-2024-ii-u1-hernandez_paja_contreras,HTML,PureBasic,0.8
proyecto-si784-2024-ii-u1-hernandez_paja_contreras,proyecto,si784-2024-ii-u1-hernandez_paja_contreras,HTML,Dockerfile,0.03
proyecto-si784-2024-ii-u1-hernandez_paja_contreras,proyecto,si784-2024-ii-u1-hernandez_paja_contreras,HTML,JavaScript,0.02
proyecto-si784-2024-ii-u1-ayma_poma_tapia,proyecto,si784-2024-ii-u1-ayma_poma_tapia,HTML,HTML,70.52
proyecto-si784-2024-ii-u1-ayma_poma_tapia,proyecto,si784-2024-ii-u1-ayma_poma_tapia,HTML,PHP,16.38
proyecto-si784-2024-ii-u1-ayma_poma_tapia,proyecto,si784-2024-ii-u1-ayma_poma_tapia,HTML,CSS,12.68
proyecto-si784-2024-ii-u1-ayma_poma_tapia,proyecto,si784-2024-ii-u1-ayma_poma_tapia,HTML,JavaScript,0.26
proyecto-si784-2024-ii-u1-ayma_poma_tapia,proyecto,si784-2024-ii-u1-ayma_poma_tapia,HTML,Python,0.15
proyecto-si784-2024-ii-u1-FloresR_Salinas_ticahuanca,proyecto,si784-2024-ii-u1-FloresR_Salinas_ticahuanca,C#,C#,69.27
proyecto-si784-2024-ii-u1-FloresR_Salinas_ticahuanca,proyecto,si784-2024-ii-u1-FloresR_Salinas_ticahuanca,C#,HTML,23.15
proyecto-si784-2024-ii-u1-FloresR_Salinas_ticahuanca,proyecto,si784-2024-ii-u1-FloresR_Salinas_ticahuanca,C#,CSS,7.2
proyecto-si784-2024-ii-u1-FloresR_Salinas_ticahuanca,proyecto,si784-2024-ii-u1-FloresR_Salinas_ticahuanca,C#,JavaScript,0.37
proyecto-si784-2024-ii-u1-chambi_floresq_leyva,proyecto,si784-2024-ii-u1-chambi_floresq_leyva,PureBasic,PureBasic,76.33
proyecto-si784-2024-ii-u1-chambi_floresq_leyva,proyecto,si784-2024-ii-u1-chambi_floresq_leyva,PureBasic,C#,23.67
proyecto-si784-2024-ii-u1-aguilar_caxi_chata,proyecto,si784-2024-ii-u1-aguilar_caxi_chata,CSS,CSS,49.77
proyecto-si784-2024-ii-u1-aguilar_caxi_chata,proyecto,si784-2024-ii-u1-aguilar_caxi_chata,CSS,JavaScript,23.81
proyecto-si784-2024-ii-u1-aguilar_caxi_chata,proyecto,si784-2024-ii-u1-aguilar_caxi_chata,CSS,PureBasic,17.33
proyecto-si784-2024-ii-u1-aguilar_caxi_chata,proyecto,si784-2024-ii-u1-aguilar_caxi_chata,CSS,C#,4.96
proyecto-si784-2024-ii-u1-aguilar_caxi_chata,proyecto,si784-2024-ii-u1-aguilar_caxi_chata,CSS,HTML,4.11
proyecto-si784-2024-ii-u1-aguilar_caxi_chata,proyecto,si784-2024-ii-u1-aguilar_caxi_chata,CSS,ASP.NET,0.01
proyecto-si8811a-2024-ii-u1-apis-y-funciones-meza-y-churacutipa,proyecto,si8811a-2024-ii-u1-apis-y-funciones-meza-y-churacutipa,Python,Python,92.17
proyecto-si8811a-2024-ii-u1-apis-y-funciones-meza-y-churacutipa,proyecto,si8811a-2024-ii-u1-apis-y-funciones-meza-y-churacutipa,Python,Dockerfile,7.83
proyecto-si784-2024-ii-u1-pyfanpage,proyecto,si784-2024-ii-u1-pyfanpage,PHP,PHP,65.01
proyecto-si784-2024-ii-u1-pyfanpage,proyecto,si784-2024-ii-u1-pyfanpage,PHP,CSS,33.38
proyecto-si784-2024-ii-u1-pyfanpage,proyecto,si784-2024-ii-u1-pyfanpage,PHP,JavaScript,1.36
proyecto-si784-2024-ii-u1-pyfanpage,proyecto,si784-2024-ii-u1-pyfanpage,PHP,Dockerfile,0.24
proyecto-si8811b-2024-ii-u1-infrastructure,proyecto,si8811b-2024-ii-u1-infrastructure,HCL,HCL,100.0
proyecto-si8811b-2024-ii-u1-web-hernandez-contreras,proyecto,si8811b-2024-ii-u1-web-hernandez-contreras,JavaScript,JavaScript,61.46
proyecto-si8811b-2024-ii-u1-web-hernandez-contreras,proyecto,si8811b-2024-ii-u1-web-hernandez-contreras,JavaScript,CSS,23.93
proyecto-si8811b-2024-ii-u1-web-hernandez-contreras,proyecto,si8811b-2024-ii-u1-web-hernandez-contreras,JavaScript,HTML,14.61
proyecto-si8811b-2024-ii-u1-backend-go,proyecto,si8811b-2024-ii-u1-backend-go,Go,Go,100.0
proyecto-si8811a-2024-ii-u1-web-development,proyecto,si8811a-2024-ii-u1-web-development,TypeScript,TypeScript,94.41
proyecto-si8811a-2024-ii-u1-web-development,proyecto,si8811a-2024-ii-u1-web-development,TypeScript,CSS,3.32
proyecto-si8811a-2024-ii-u1-web-development,proyecto,si8811a-2024-ii-u1-web-development,TypeScript,JavaScript,1.46
proyecto-si8811a-2024-ii-u1-web-development,proyecto,si8811a-2024-ii-u1-web-development,TypeScript,Dockerfile,0.56
proyecto-si8811a-2024-ii-u1-web-development,proyecto,si8811a-2024-ii-u1-web-development,TypeScript,HTML,0.26
proyecto-si8811a-2024-ii-u1-pruebas-3-roberto-y-piero,proyecto,si8811a-2024-ii-u1-pruebas-3-roberto-y-piero,Python,Python,100.0
proyecto-si8811a-2024-ii-u2-qa-pruebas-valverde-cano,proyecto,si8811a-2024-ii-u2-qa-pruebas-valverde-cano,Python,Python,68.81
proyecto-si8811a-2024-ii-u2-qa-pruebas-valverde-cano,proyecto,si8811a-2024-ii-u2-qa-pruebas-valverde-cano,Python,Gherkin,31.19
proyecto-si885-2024-ii-u2-tg01apazachuracutcutiescohuallpas,proyecto,si885-2024-ii-u2-tg01apazachuracutcutiescohuallpas,Python,Python,82.66
proyecto-si885-2024-ii-u2-tg01apazachuracutcutiescohuallpas,proyecto,si885-2024-ii-u2-tg01apazachuracutcutiescohuallpas,Python,HCL,17.34
proyecto-si885-2024-ii-u2-tg3melenhurtachinolopezbricecuadr,proyecto,si885-2024-ii-u2-tg3melenhurtachinolopezbricecuadr,HCL,HCL,100.0
proyecto-si8811a-2024-ii-u2-web_development,proyecto,si8811a-2024-ii-u2-web_development,TypeScript,TypeScript,94.35
proyecto-si8811a-2024-ii-u2-web_development,proyecto,si8811a-2024-ii-u2-web_development,TypeScript,CSS,3.36
proyecto-si8811a-2024-ii-u2-web_development,proyecto,si8811a-2024-ii-u2-web_development,TypeScript,JavaScript,1.47
proyecto-si8811a-2024-ii-u2-web_development,proyecto,si8811a-2024-ii-u2-web_development,TypeScript,Dockerfile,0.56
proyecto-si8811a-2024-ii-u2-web_development,proyecto,si8811a-2024-ii-u2-web_development,TypeScript,HTML,0.26
proyecto-si8811a-2024-ii-u2-apis-y-funciones-jarro-y-valle-1,proyecto,si8811a-2024-ii-u2-apis-y-funciones-jarro-y-valle-1,C#,C#,90.68
proyecto-si8811a-2024-ii-u2-apis-y-funciones-jarro-y-valle-1,proyecto,si8811a-2024-ii-u2-apis-y-funciones-jarro-y-valle-1,C#,Dockerfile,9.32
proyecto-si885-2024-ii-u2-tg02agredacastanedacontrerasmalagaortiz,proyecto,si885-2024-ii-u2-tg02agredacastanedacontrerasmalagaortiz,Python,Python,72.14
proyecto-si885-2024-ii-u2-tg02agredacastanedacontrerasmalagaortiz,proyecto,si885-2024-ii-u2-tg02agredacastanedacontrerasmalagaortiz,Python,HCL,27.86
proyecto-si8811b-2024-ii-u2-infra,proyecto,si8811b-2024-ii-u2-infra,JavaScript,JavaScript,89.37
proyecto-si8811b-2024-ii-u2-infra,proyecto,si8811b-2024-ii-u2-infra,JavaScript,CSS,8.67
proyecto-si8811b-2024-ii-u2-infra,proyecto,si8811b-2024-ii-u2-infra,JavaScript,HTML,1.97
proyecto-si885-2024-ii-u2-tg04lunaquispemamanihernandezmeza,proyecto,si885-2024-ii-u2-tg04lunaquispemamanihernandezmeza,HCL,HCL,100.0
proyecto-si885-2024-ii-u2-tg05chavezarcelirasoto,proyecto,si885-2024-ii-u2-tg05chavezarcelirasoto,HCL,HCL,54.73
proyecto-si885-2024-ii-u2-tg05chavezarcelirasoto,proyecto,si885-2024-ii-u2-tg05chavezarcelirasoto,HCL,Python,36.03
proyecto-si885-2024-ii-u2-tg05chavezarcelirasoto,proyecto,si885-2024-ii-u2-tg05chavezarcelirasoto,HCL,Shell,9.23
proyecto-si8811b-2024-ii-u2-backend_sync,proyecto,si8811b-2024-ii-u2-backend_sync,HTML,HTML,91.65
proyecto-si8811b-2024-ii-u2-backend_sync,proyecto,si8811b-2024-ii-u2-backend_sync,HTML,TypeScript,3.74
proyecto-si8811b-2024-ii-u2-backend_sync,proyecto,si8811b-2024-ii-u2-backend_sync,HTML,JavaScript,3.54
proyecto-si8811b-2024-ii-u2-backend_sync,proyecto,si8811b-2024-ii-u2-backend_sync,HTML,CSS,1.08
proyecto-si784-2024-ii-u2-contreras_paja_hernandez,proyecto,si784-2024-ii-u2-contreras_paja_hernandez,HTML,HTML,94.16
proyecto-si784-2024-ii-u2-contreras_paja_hernandez,proyecto,si784-2024-ii-u2-contreras_paja_hernandez,HTML,C#,3.0
proyecto-si784-2024-ii-u2-contreras_paja_hernandez,proyecto,si784-2024-ii-u2-contreras_paja_hernandez,HTML,CSS,2.65
proyecto-si784-2024-ii-u2-contreras_paja_hernandez,proyecto,si784-2024-ii-u2-contreras_paja_hernandez,HTML,Gherkin,0.11
proyecto-si784-2024-ii-u2-contreras_paja_hernandez,proyecto,si784-2024-ii-u2-contreras_paja_hernandez,HTML,Python,0.05
proyecto-si784-2024-ii-u2-contreras_paja_hernandez,proyecto,si784-2024-ii-u2-contreras_paja_hernandez,HTML,Dockerfile,0.01
proyecto-si784-2024-ii-u2-contreras_paja_hernandez,proyecto,si784-2024-ii-u2-contreras_paja_hernandez,HTML,JavaScript,0.01
proyecto-si784-2024-ii-u2-caxi_aguilar_chata,proyecto,si784-2024-ii-u2-caxi_aguilar_chata,HTML,HTML,91.65
proyecto-si784-2024-ii-u2-caxi_aguilar_chata,proyecto,si784-2024-ii-u2-caxi_aguilar_chata,HTML,TypeScript,3.74
proyecto-si784-2024-ii-u2-caxi_aguilar_chata,proyecto,si784-2024-ii-u2-caxi_aguilar_chata,HTML,JavaScript,3.54
proyecto-si784-2024-ii-u2-caxi_aguilar_chata,proyecto,si784-2024-ii-u2-caxi_aguilar_chata,HTML,CSS,1.08
proyecto-si784-2024-ii-u2-chambi_floresq_floresm_leyva,proyecto,si784-2024-ii-u2-chambi_floresq_floresm_leyva,Python,Python,82.43
proyecto-si784-2024-ii-u2-chambi_floresq_floresm_leyva,proyecto,si784-2024-ii-u2-chambi_floresq_floresm_leyva,Python,HTML,14.79
proyecto-si784-2024-ii-u2-chambi_floresq_floresm_leyva,proyecto,si784-2024-ii-u2-chambi_floresq_floresm_leyva,Python,CSS,2.0
proyecto-si784-2024-ii-u2-chambi_floresq_floresm_leyva,proyecto,si784-2024-ii-u2-chambi_floresq_floresm_leyva,Python,JavaScript,0.46
proyecto-si784-2024-ii-u2-chambi_floresq_floresm_leyva,proyecto,si784-2024-ii-u2-chambi_floresq_floresm_leyva,Python,PowerShell,0.18
proyecto-si784-2024-ii-u2-chambi_floresq_floresm_leyva,proyecto,si784-2024-ii-u2-chambi_floresq_floresm_leyva,Python,C,0.07
proyecto-si784-2024-ii-u2-chambi_floresq_floresm_leyva,proyecto,si784-2024-ii-u2-chambi_floresq_floresm_leyva,Python,Gherkin,0.03
proyecto-si784-2024-ii-u2-chambi_floresq_floresm_leyva,proyecto,si784-2024-ii-u2-chambi_floresq_floresm_leyva,Python,TSQL,0.03
proyecto-si784-2024-ii-u2-chambi_floresq_floresm_leyva,proyecto,si784-2024-ii-u2-chambi_floresq_floresm_leyva,Python,Batchfile,0.01
proyecto-si784-2024-ii-u2-floresR_salinas_ticahuanca,proyecto,si784-2024-ii-u2-floresR_salinas_ticahuanca,C#,C#,85.25
proyecto-si784-2024-ii-u2-floresR_salinas_ticahuanca,proyecto,si784-2024-ii-u2-floresR_salinas_ticahuanca,C#,HTML,9.6
proyecto-si784-2024-ii-u2-floresR_salinas_ticahuanca,proyecto,si784-2024-ii-u2-floresR_salinas_ticahuanca,C#,CSS,2.96
proyecto-si784-2024-ii-u2-floresR_salinas_ticahuanca,proyecto,si784-2024-ii-u2-floresR_salinas_ticahuanca,C#,Gherkin,1.75
proyecto-si784-2024-ii-u2-floresR_salinas_ticahuanca,proyecto,si784-2024-ii-u2-floresR_salinas_ticahuanca,C#,PowerShell,0.28
proyecto-si784-2024-ii-u2-floresR_salinas_ticahuanca,proyecto,si784-2024-ii-u2-floresR_salinas_ticahuanca,C#,JavaScript,0.15
proyecto-si784-2024-ii-u2-ayma_tapia_poma,proyecto,si784-2024-ii-u2-ayma_tapia_poma,HTML,HTML,49.25
proyecto-si784-2024-ii-u2-ayma_tapia_poma,proyecto,si784-2024-ii-u2-ayma_tapia_poma,HTML,PureBasic,38.82
proyecto-si784-2024-ii-u2-ayma_tapia_poma,proyecto,si784-2024-ii-u2-ayma_tapia_poma,HTML,PHP,5.84
proyecto-si784-2024-ii-u2-ayma_tapia_poma,proyecto,si784-2024-ii-u2-ayma_tapia_poma,HTML,CSS,4.33
proyecto-si784-2024-ii-u2-ayma_tapia_poma,proyecto,si784-2024-ii-u2-ayma_tapia_poma,HTML,C#,1.19
proyecto-si784-2024-ii-u2-ayma_tapia_poma,proyecto,si784-2024-ii-u2-ayma_tapia_poma,HTML,Mermaid,0.47
proyecto-si784-2024-ii-u2-ayma_tapia_poma,proyecto,si784-2024-ii-u2-ayma_tapia_poma,HTML,JavaScript,0.09
proyecto-si784-2024-ii-u2-ayma_tapia_poma,proyecto,si784-2024-ii-u2-ayma_tapia_poma,HTML,Hack,0.02
proyecto-si784-2024-ii-u2-chambilla_llantay,proyecto,si784-2024-ii-u2-chambilla_llantay,HTML,HTML,86.94
proyecto-si784-2024-ii-u2-chambilla_llantay,proyecto,si784-2024-ii-u2-chambilla_llantay,HTML,PHP,10.72
proyecto-si784-2024-ii-u2-chambilla_llantay,proyecto,si784-2024-ii-u2-chambilla_llantay,HTML,CSS,1.77
proyecto-si784-2024-ii-u2-chambilla_llantay,proyecto,si784-2024-ii-u2-chambilla_llantay,HTML,Gherkin,0.27
proyecto-si784-2024-ii-u2-chambilla_llantay,proyecto,si784-2024-ii-u2-chambilla_llantay,HTML,Less,0.17
proyecto-si784-2024-ii-u2-chambilla_llantay,proyecto,si784-2024-ii-u2-chambilla_llantay,HTML,JavaScript,0.12
proyecto-si784-2024-ii-u2-chambilla_llantay,proyecto,si784-2024-ii-u2-chambilla_llantay,HTML,Dockerfile,0.01
proyecto-si784-2024-ii-u2-chambilla_llantay,proyecto,si784-2024-ii-u2-chambilla_llantay,HTML,Hack,0.0
proyecto-si8811a-2024-ii-u2-api-y-funciones-anahua,proyecto,si8811a-2024-ii-u2-api-y-funciones-anahua,HTML,HTML,93.3
proyecto-si8811a-2024-ii-u2-api-y-funciones-anahua,proyecto,si8811a-2024-ii-u2-api-y-funciones-anahua,HTML,Python,6.66
proyecto-si8811a-2024-ii-u2-api-y-funciones-anahua,proyecto,si8811a-2024-ii-u2-api-y-funciones-anahua,HTML,Dockerfile,0.04
proyecto-si784-2024-ii-u3-reportes_chambilla_llantay,proyecto,si784-2024-ii-u3-reportes_chambilla_llantay,HTML,HTML,92.07
proyecto-si784-2024-ii-u3-reportes_chambilla_llantay,proyecto,si784-2024-ii-u3-reportes_chambilla_llantay,HTML,PHP,6.54
proyecto-si784-2024-ii-u3-reportes_chambilla_llantay,proyecto,si784-2024-ii-u3-reportes_chambilla_llantay,HTML,CSS,1.04
proyecto-si784-2024-ii-u3-reportes_chambilla_llantay,proyecto,si784-2024-ii-u3-reportes_chambilla_llantay,HTML,Gherkin,0.15
proyecto-si784-2024-ii-u3-reportes_chambilla_llantay,proyecto,si784-2024-ii-u3-reportes_chambilla_llantay,HTML,JavaScript,0.11
proyecto-si784-2024-ii-u3-reportes_chambilla_llantay,proyecto,si784-2024-ii-u3-reportes_chambilla_llantay,HTML,Less,0.09
proyecto-si784-2024-ii-u3-reportes_chambilla_llantay,proyecto,si784-2024-ii-u3-reportes_chambilla_llantay,HTML,Dockerfile,0.01
proyecto-si784-2024-ii-u3-reportes_chambilla_llantay,proyecto,si784-2024-ii-u3-reportes_chambilla_llantay,HTML,Hack,0.0
proyecto-si8811a-2024-ii-u2-api-y-funciones-meza-y-castaneda,proyecto,si8811a-2024-ii-u2-api-y-funciones-meza-y-castaneda,Python,Python,97.5
proyecto-si8811a-2024-ii-u2-api-y-funciones-meza-y-castaneda,proyecto,si8811a-2024-ii-u2-api-y-funciones-meza-y-castaneda,Python,Dockerfile,2.5
proyecto-si885-2024-ii-u3-tg03agredacastanedacontrerasortiz,proyecto,si885-2024-ii-u3-tg03agredacastanedacontrerasortiz,Python,Python,84.22
proyecto-si885-2024-ii-u3-tg03agredacastanedacontrerasortiz,proyecto,si885-2024-ii-u3-tg03agredacastanedacontrerasortiz,Python,HCL,15.78
proyecto-si885-2024-ii-u3-tg01apazachuracutcutiescohuallpass,proyecto,si885-2024-ii-u3-tg01apazachuracutcutiescohuallpass,Jupyter Notebook,Jupyter Notebook,83.66
proyecto-si885-2024-ii-u3-tg01apazachuracutcutiescohuallpass,proyecto,si885-2024-ii-u3-tg01apazachuracutcutiescohuallpass,Jupyter Notebook,Python,11.04
proyecto-si885-2024-ii-u3-tg01apazachuracutcutiescohuallpass,proyecto,si885-2024-ii-u3-tg01apazachuracutcutiescohuallpass,Jupyter Notebook,HTML,2.93
proyecto-si885-2024-ii-u3-tg01apazachuracutcutiescohuallpass,proyecto,si885-2024-ii-u3-tg01apazachuracutcutiescohuallpass,Jupyter Notebook,HCL,2.37
proyecto-si784-2024-ii-u3-caxi_aguilar,proyecto,si784-2024-ii-u3-caxi_aguilar,JavaScript,JavaScript,80.25
proyecto-si784-2024-ii-u3-caxi_aguilar,proyecto,si784-2024-ii-u3-caxi_aguilar,JavaScript,HTML,16.59
proyecto-si784-2024-ii-u3-caxi_aguilar,proyecto,si784-2024-ii-u3-caxi_aguilar,JavaScript,CSS,1.6
proyecto-si784-2024-ii-u3-caxi_aguilar,proyecto,si784-2024-ii-u3-caxi_aguilar,JavaScript,Shell,1.22
proyecto-si784-2024-ii-u3-caxi_aguilar,proyecto,si784-2024-ii-u3-caxi_aguilar,JavaScript,PowerShell,0.18
proyecto-si784-2024-ii-u3-caxi_aguilar,proyecto,si784-2024-ii-u3-caxi_aguilar,JavaScript,C#,0.16
proyecto-si885-2024-ii-u3-tgchavezarcelirasoto,proyecto,si885-2024-ii-u3-tgchavezarcelirasoto,HCL,HCL,57.02
proyecto-si885-2024-ii-u3-tgchavezarcelirasoto,proyecto,si885-2024-ii-u3-tgchavezarcelirasoto,HCL,Python,42.98
proyecto-si784-2024-ii-u3-floresramos_s_t,proyecto,si784-2024-ii-u3-floresramos_s_t,JavaScript,JavaScript,77.54
proyecto-si784-2024-ii-u3-floresramos_s_t,proyecto,si784-2024-ii-u3-floresramos_s_t,JavaScript,HTML,16.26
proyecto-si784-2024-ii-u3-floresramos_s_t,proyecto,si784-2024-ii-u3-floresramos_s_t,JavaScript,C#,4.59
proyecto-si784-2024-ii-u3-floresramos_s_t,proyecto,si784-2024-ii-u3-floresramos_s_t,JavaScript,Shell,1.19
proyecto-si784-2024-ii-u3-floresramos_s_t,proyecto,si784-2024-ii-u3-floresramos_s_t,JavaScript,PowerShell,0.18
proyecto-si784-2024-ii-u3-floresramos_s_t,proyecto,si784-2024-ii-u3-floresramos_s_t,JavaScript,CSS,0.15
proyecto-si784-2024-ii-u3-floresramos_s_t,proyecto,si784-2024-ii-u3-floresramos_s_t,JavaScript,Gherkin,0.09
proyecto-si784-2024-ii-u3-tapia_ayma_poma,proyecto,si784-2024-ii-u3-tapia_ayma_poma,HTML,HTML,69.03
proyecto-si784-2024-ii-u3-tapia_ayma_poma,proyecto,si784-2024-ii-u3-tapia_ayma_poma,HTML,PureBasic,21.35
proyecto-si784-2024-ii-u3-tapia_ayma_poma,proyecto,si784-2024-ii-u3-tapia_ayma_poma,HTML,CSS,4.1
proyecto-si784-2024-ii-u3-tapia_ayma_poma,proyecto,si784-2024-ii-u3-tapia_ayma_poma,HTML,PHP,3.43
proyecto-si784-2024-ii-u3-tapia_ayma_poma,proyecto,si784-2024-ii-u3-tapia_ayma_poma,HTML,JavaScript,1.1
proyecto-si784-2024-ii-u3-tapia_ayma_poma,proyecto,si784-2024-ii-u3-tapia_ayma_poma,HTML,C#,0.65
proyecto-si784-2024-ii-u3-tapia_ayma_poma,proyecto,si784-2024-ii-u3-tapia_ayma_poma,HTML,Mermaid,0.26
proyecto-si784-2024-ii-u3-tapia_ayma_poma,proyecto,si784-2024-ii-u3-tapia_ayma_poma,HTML,Gherkin,0.07
proyecto-si784-2024-ii-u3-tapia_ayma_poma,proyecto,si784-2024-ii-u3-tapia_ayma_poma,HTML,Hack,0.01
proyecto-si784-2024-ii-u3-floresq_leyva_chambi,proyecto,si784-2024-ii-u3-floresq_leyva_chambi,Python,Python,82.43
proyecto-si784-2024-ii-u3-floresq_leyva_chambi,proyecto,si784-2024-ii-u3-floresq_leyva_chambi,Python,HTML,14.79
proyecto-si784-2024-ii-u3-floresq_leyva_chambi,proyecto,si784-2024-ii-u3-floresq_leyva_chambi,Python,CSS,2.0
proyecto-si784-2024-ii-u3-floresq_leyva_chambi,proyecto,si784-2024-ii-u3-floresq_leyva_chambi,Python,JavaScript,0.46
proyecto-si784-2024-ii-u3-floresq_leyva_chambi,proyecto,si784-2024-ii-u3-floresq_leyva_chambi,Python,PowerShell,0.18
proyecto-si784-2024-ii-u3-floresq_leyva_chambi,proyecto,si784-2024-ii-u3-floresq_leyva_chambi,Python,C,0.07
proyecto-si784-2024-ii-u3-floresq_leyva_chambi,proyecto,si784-2024-ii-u3-floresq_leyva_chambi,Python,Gherkin,0.03
proyecto-si784-2024-ii-u3-floresq_leyva_chambi,proyecto,si784-2024-ii-u3-floresq_leyva_chambi,Python,TSQL,0.03
proyecto-si784-2024-ii-u3-floresq_leyva_chambi,proyecto,si784-2024-ii-u3-floresq_leyva_chambi,Python,Batchfile,0.01
proyecto-si784-2024-ii-u3-hernandez_contreras_paja,proyecto,si784-2024-ii-u3-hernandez_contreras_paja,HTML,HTML,96.9
proyecto-si784-2024-ii-u3-hernandez_contreras_paja,proyecto,si784-2024-ii-u3-hernandez_contreras_paja,HTML,C#,1.6
proyecto-si784-2024-ii-u3-hernandez_contreras_paja,proyecto,si784-2024-ii-u3-hernandez_contreras_paja,HTML,CSS,1.41
proyecto-si784-2024-ii-u3-hernandez_contreras_paja,proyecto,si784-2024-ii-u3-hernandez_contreras_paja,HTML,Gherkin,0.06
proyecto-si784-2024-ii-u3-hernandez_contreras_paja,proyecto,si784-2024-ii-u3-hernandez_contreras_paja,HTML,Python,0.03
proyecto-si784-2024-ii-u3-hernandez_contreras_paja,proyecto,si784-2024-ii-u3-hernandez_contreras_paja,HTML,Dockerfile,0.01
proyecto-si784-2024-ii-u3-hernandez_contreras_paja,proyecto,si784-2024-ii-u3-hernandez_contreras_paja,HTML,JavaScript,0.0
proyecto-si885-2024-ii-u3-tgmezaquispelunamamanihernandez,proyecto,si885-2024-ii-u3-tgmezaquispelunamamanihernandez,HCL,HCL,58.95
proyecto-si885-2024-ii-u3-tgmezaquispelunamamanihernandez,proyecto,si885-2024-ii-u3-tgmezaquispelunamamanihernandez,HCL,Python,41.05
proyecto-si8811b-2024-ii-u2-frontendweb,proyecto,si8811b-2024-ii-u2-frontendweb,JavaScript,JavaScript,89.49
proyecto-si8811b-2024-ii-u2-frontendweb,proyecto,si8811b-2024-ii-u2-frontendweb,JavaScript,CSS,8.49
proyecto-si8811b-2024-ii-u2-frontendweb,proyecto,si8811b-2024-ii-u2-frontendweb,JavaScript,HTML,2.02
proyecto-si982-2024-rec-u1-salinas-condori,proyecto,si982-2024-rec-u1-salinas-condori,JavaScript,JavaScript,88.26
proyecto-si982-2024-rec-u1-salinas-condori,proyecto,si982-2024-rec-u1-salinas-condori,JavaScript,HTML,7.05
proyecto-si982-2024-rec-u1-salinas-condori,proyecto,si982-2024-rec-u1-salinas-condori,JavaScript,C#,3.59
proyecto-si982-2024-rec-u1-salinas-condori,proyecto,si982-2024-rec-u1-salinas-condori,JavaScript,HCL,0.88
proyecto-si982-2024-rec-u1-salinas-condori,proyecto,si982-2024-rec-u1-salinas-condori,JavaScript,CSS,0.18
proyecto-si982-2024-rec-u1-salinas-condori,proyecto,si982-2024-rec-u1-salinas-condori,JavaScript,ASP.NET,0.04
proyecto-si982-2024-rec-u1-delacruz_vela,proyecto,si982-2024-rec-u1-delacruz_vela,HCL,HCL,100.0
proyecto-si982-2024-rec-u1-ccalli_apaza,proyecto,si982-2024-rec-u1-ccalli_apaza,C#,C#,56.42
proyecto-si982-2024-rec-u1-ccalli_apaza,proyecto,si982-2024-rec-u1-ccalli_apaza,C#,HTML,31.67
proyecto-si982-2024-rec-u1-ccalli_apaza,proyecto,si982-2024-rec-u1-ccalli_apaza,C#,CSS,10.04
proyecto-si982-2024-rec-u1-ccalli_apaza,proyecto,si982-2024-rec-u1-ccalli_apaza,C#,JavaScript,1.87
proyecto-si982-2024-rec-u1-medina_zevallos,proyecto,si982-2024-rec-u1-medina_zevallos,HCL,HCL,100.0
proyecto-si982-2024-rec-u1-concha-ticahuanca,proyecto,si982-2024-rec-u1-concha-ticahuanca,C#,C#,63.72
proyecto-si982-2024-rec-u1-concha-ticahuanca,proyecto,si982-2024-rec-u1-concha-ticahuanca,C#,HTML,31.56
proyecto-si982-2024-rec-u1-concha-ticahuanca,proyecto,si982-2024-rec-u1-concha-ticahuanca,C#,CSS,4.5
proyecto-si982-2024-rec-u1-concha-ticahuanca,proyecto,si982-2024-rec-u1-concha-ticahuanca,C#,JavaScript,0.22
proyecto-si982-2024-rec-u2-proyectou2_web2_ccalli_apaza,proyecto,si982-2024-rec-u2-proyectou2_web2_ccalli_apaza,C#,C#,54.23
proyecto-si982-2024-rec-u2-proyectou2_web2_ccalli_apaza,proyecto,si982-2024-rec-u2-proyectou2_web2_ccalli_apaza,C#,HTML,40.05
proyecto-si982-2024-rec-u2-proyectou2_web2_ccalli_apaza,proyecto,si982-2024-rec-u2-proyectou2_web2_ccalli_apaza,C#,CSS,3.66
proyecto-si982-2024-rec-u2-proyectou2_web2_ccalli_apaza,proyecto,si982-2024-rec-u2-proyectou2_web2_ccalli_apaza,C#,HCL,1.87
proyecto-si982-2024-rec-u2-proyectou2_web2_ccalli_apaza,proyecto,si982-2024-rec-u2-proyectou2_web2_ccalli_apaza,C#,JavaScript,0.19
proyecto-si982-2024-rec-u2-proyecto_w2u2_salinas_condori,proyecto,si982-2024-rec-u2-proyecto_w2u2_salinas_condori,JavaScript,JavaScript,57.37
proyecto-si982-2024-rec-u2-proyecto_w2u2_salinas_condori,proyecto,si982-2024-rec-u2-proyecto_w2u2_salinas_condori,JavaScript,HTML,25.75
proyecto-si982-2024-rec-u2-proyecto_w2u2_salinas_condori,proyecto,si982-2024-rec-u2-proyecto_w2u2_salinas_condori,JavaScript,C#,12.4
proyecto-si982-2024-rec-u2-proyecto_w2u2_salinas_condori,proyecto,si982-2024-rec-u2-proyecto_w2u2_salinas_condori,JavaScript,Batchfile,3.51
proyecto-si982-2024-rec-u2-proyecto_w2u2_salinas_condori,proyecto,si982-2024-rec-u2-proyecto_w2u2_salinas_condori,JavaScript,HCL,0.58
proyecto-si982-2024-rec-u2-proyecto_w2u2_salinas_condori,proyecto,si982-2024-rec-u2-proyecto_w2u2_salinas_condori,JavaScript,Dockerfile,0.25
proyecto-si982-2024-rec-u2-proyecto_w2u2_salinas_condori,proyecto,si982-2024-rec-u2-proyecto_w2u2_salinas_condori,JavaScript,CSS,0.12
proyecto-si982-2024-rec-u2-proyecto_w2u2_salinas_condori,proyecto,si982-2024-rec-u2-proyecto_w2u2_salinas_condori,JavaScript,ASP.NET,0.03
proyecto-si982-2024-rec-u2-proyectowebu2_soto_llantay,proyecto,si982-2024-rec-u2-proyectowebu2_soto_llantay,JavaScript,JavaScript,86.71
proyecto-si982-2024-rec-u2-proyectowebu2_soto_llantay,proyecto,si982-2024-rec-u2-proyectowebu2_soto_llantay,JavaScript,CSS,4.58
proyecto-si982-2024-rec-u2-proyectowebu2_soto_llantay,proyecto,si982-2024-rec-u2-proyectowebu2_soto_llantay,JavaScript,ASP.NET,3.86
proyecto-si982-2024-rec-u2-proyectowebu2_soto_llantay,proyecto,si982-2024-rec-u2-proyectowebu2_soto_llantay,JavaScript,HTML,3.8
proyecto-si982-2024-rec-u2-proyectowebu2_soto_llantay,proyecto,si982-2024-rec-u2-proyectowebu2_soto_llantay,JavaScript,C#,1.03
proyecto-si982-2024-rec-u2-proyectowebu2_soto_llantay,proyecto,si982-2024-rec-u2-proyectowebu2_soto_llantay,JavaScript,HCL,0.02
proyecto-si982-2024-rec-u2-conchaticahuanca,proyecto,si982-2024-rec-u2-conchaticahuanca,C#,C#,62.62
proyecto-si982-2024-rec-u2-conchaticahuanca,proyecto,si982-2024-rec-u2-conchaticahuanca,C#,HTML,31.01
proyecto-si982-2024-rec-u2-conchaticahuanca,proyecto,si982-2024-rec-u2-conchaticahuanca,C#,CSS,4.42
proyecto-si982-2024-rec-u2-conchaticahuanca,proyecto,si982-2024-rec-u2-conchaticahuanca,C#,HCL,1.73
proyecto-si982-2024-rec-u2-conchaticahuanca,proyecto,si982-2024-rec-u2-conchaticahuanca,C#,JavaScript,0.21
proyecto-si982-2024-rec-u2-proyectowebii-valverde-lizarraga,proyecto,si982-2024-rec-u2-proyectowebii-valverde-lizarraga,JavaScript,JavaScript,77.26
proyecto-si982-2024-rec-u2-proyectowebii-valverde-lizarraga,proyecto,si982-2024-rec-u2-proyectowebii-valverde-lizarraga,JavaScript,HTML,16.58
proyecto-si982-2024-rec-u2-proyectowebii-valverde-lizarraga,proyecto,si982-2024-rec-u2-proyectowebii-valverde-lizarraga,JavaScript,C#,3.27
proyecto-si982-2024-rec-u2-proyectowebii-valverde-lizarraga,proyecto,si982-2024-rec-u2-proyectowebii-valverde-lizarraga,JavaScript,CSS,1.4
proyecto-si982-2024-rec-u2-proyectowebii-valverde-lizarraga,proyecto,si982-2024-rec-u2-proyectowebii-valverde-lizarraga,JavaScript,Shell,1.18
proyecto-si982-2024-rec-u2-proyectowebii-valverde-lizarraga,proyecto,si982-2024-rec-u2-proyectowebii-valverde-lizarraga,JavaScript,PowerShell,0.18
proyecto-si982-2024-rec-u2-proyectowebii-valverde-lizarraga,proyecto,si982-2024-rec-u2-proyectowebii-valverde-lizarraga,JavaScript,HCL,0.1
proyecto-si982-2024-rec-u2-proyectowebii-valverde-lizarraga,proyecto,si982-2024-rec-u2-proyectowebii-valverde-lizarraga,JavaScript,Dockerfile,0.03
proyecto-si982-2024-rec-u2-proyectou2_web2_medina_zevallos,proyecto,si982-2024-rec-u2-proyectou2_web2_medina_zevallos,JavaScript,JavaScript,86.88
proyecto-si982-2024-rec-u2-proyectou2_web2_medina_zevallos,proyecto,si982-2024-rec-u2-proyectou2_web2_medina_zevallos,JavaScript,HTML,7.69
proyecto-si982-2024-rec-u2-proyectou2_web2_medina_zevallos,proyecto,si982-2024-rec-u2-proyectou2_web2_medina_zevallos,JavaScript,CSS,4.61
proyecto-si982-2024-rec-u2-proyectou2_web2_medina_zevallos,proyecto,si982-2024-rec-u2-proyectou2_web2_medina_zevallos,JavaScript,C#,0.81
proyecto-si982-2024-rec-u2-proyectou2_web2_medina_zevallos,proyecto,si982-2024-rec-u2-proyectou2_web2_medina_zevallos,JavaScript,HCL,0.01
proyecto-si982-2024-rec-u2-proyectou2_web2_medina_zevallos,proyecto,si982-2024-rec-u2-proyectou2_web2_medina_zevallos,JavaScript,ASP.NET,0.0
proyecto-si982-2024-rec-u3-sistemaveterinaria_ccalli_apaza_web2,proyecto,si982-2024-rec-u3-sistemaveterinaria_ccalli_apaza_web2,C#,C#,53.15
proyecto-si982-2024-rec-u3-sistemaveterinaria_ccalli_apaza_web2,proyecto,si982-2024-rec-u3-sistemaveterinaria_ccalli_apaza_web2,C#,HTML,41.05
proyecto-si982-2024-rec-u3-sistemaveterinaria_ccalli_apaza_web2,proyecto,si982-2024-rec-u3-sistemaveterinaria_ccalli_apaza_web2,C#,CSS,3.71
proyecto-si982-2024-rec-u3-sistemaveterinaria_ccalli_apaza_web2,proyecto,si982-2024-rec-u3-sistemaveterinaria_ccalli_apaza_web2,C#,HCL,1.89
proyecto-si982-2024-rec-u3-sistemaveterinaria_ccalli_apaza_web2,proyecto,si982-2024-rec-u3-sistemaveterinaria_ccalli_apaza_web2,C#,JavaScript,0.19
proyecto-si982-2024-rec-u3-gestiondocentes_delacruz_vela_web2,proyecto,si982-2024-rec-u3-gestiondocentes_delacruz_vela_web2,TSQL,TSQL,94.75
proyecto-si982-2024-rec-u3-gestiondocentes_delacruz_vela_web2,proyecto,si982-2024-rec-u3-gestiondocentes_delacruz_vela_web2,TSQL,HCL,5.25
proyecto-si982-2024-rec-u3-sistemaloppify,proyecto,si982-2024-rec-u3-sistemaloppify,JavaScript,JavaScript,57.37
proyecto-si982-2024-rec-u3-sistemaloppify,proyecto,si982-2024-rec-u3-sistemaloppify,JavaScript,HTML,25.75
proyecto-si982-2024-rec-u3-sistemaloppify,proyecto,si982-2024-rec-u3-sistemaloppify,JavaScript,C#,12.4
proyecto-si982-2024-rec-u3-sistemaloppify,proyecto,si982-2024-rec-u3-sistemaloppify,JavaScript,Batchfile,3.51
proyecto-si982-2024-rec-u3-sistemaloppify,proyecto,si982-2024-rec-u3-sistemaloppify,JavaScript,HCL,0.58
proyecto-si982-2024-rec-u3-sistemaloppify,proyecto,si982-2024-rec-u3-sistemaloppify,JavaScript,Dockerfile,0.25
proyecto-si982-2024-rec-u3-sistemaloppify,proyecto,si982-2024-rec-u3-sistemaloppify,JavaScript,CSS,0.12
proyecto-si982-2024-rec-u3-sistemaloppify,proyecto,si982-2024-rec-u3-sistemaloppify,JavaScript,ASP.NET,0.03
proyecto-si982-2024-rec-u3-reservas-aula-labs-valverde-lizarraga,proyecto,si982-2024-rec-u3-reservas-aula-labs-valverde-lizarraga,JavaScript,JavaScript,77.26
proyecto-si982-2024-rec-u3-reservas-aula-labs-valverde-lizarraga,proyecto,si982-2024-rec-u3-reservas-aula-labs-valverde-lizarraga,JavaScript,HTML,16.58
proyecto-si982-2024-rec-u3-reservas-aula-labs-valverde-lizarraga,proyecto,si982-2024-rec-u3-reservas-aula-labs-valverde-lizarraga,JavaScript,C#,3.27
proyecto-si982-2024-rec-u3-reservas-aula-labs-valverde-lizarraga,proyecto,si982-2024-rec-u3-reservas-aula-labs-valverde-lizarraga,JavaScript,CSS,1.4
proyecto-si982-2024-rec-u3-reservas-aula-labs-valverde-lizarraga,proyecto,si982-2024-rec-u3-reservas-aula-labs-valverde-lizarraga,JavaScript,Shell,1.18
proyecto-si982-2024-rec-u3-reservas-aula-labs-valverde-lizarraga,proyecto,si982-2024-rec-u3-reservas-aula-labs-valverde-lizarraga,JavaScript,PowerShell,0.18
proyecto-si982-2024-rec-u3-reservas-aula-labs-valverde-lizarraga,proyecto,si982-2024-rec-u3-reservas-aula-labs-valverde-lizarraga,JavaScript,HCL,0.1
proyecto-si982-2024-rec-u3-reservas-aula-labs-valverde-lizarraga,proyecto,si982-2024-rec-u3-reservas-aula-labs-valverde-lizarraga,JavaScript,Dockerfile,0.03
proyecto-si982-2024-rec-u3-concha-ticahuancau3,proyecto,si982-2024-rec-u3-concha-ticahuancau3,C#,C#,67.05
proyecto-si982-2024-rec-u3-concha-ticahuancau3,proyecto,si982-2024-rec-u3-concha-ticahuancau3,C#,HTML,29.96
proyecto-si982-2024-rec-u3-concha-ticahuancau3,proyecto,si982-2024-rec-u3-concha-ticahuancau3,C#,HCL,1.46
proyecto-si982-2024-rec-u3-concha-ticahuancau3,proyecto,si982-2024-rec-u3-concha-ticahuancau3,C#,CSS,1.34
proyecto-si982-2024-rec-u3-concha-ticahuancau3,proyecto,si982-2024-rec-u3-concha-ticahuancau3,C#,JavaScript,0.2
proyecto-si982-2024-rec-u3-proyectou3_web2_medina_zevallos,proyecto,si982-2024-rec-u3-proyectou3_web2_medina_zevallos,JavaScript,JavaScript,86.8
proyecto-si982-2024-rec-u3-proyectou3_web2_medina_zevallos,proyecto,si982-2024-rec-u3-proyectou3_web2_medina_zevallos,JavaScript,HTML,7.68
proyecto-si982-2024-rec-u3-proyectou3_web2_medina_zevallos,proyecto,si982-2024-rec-u3-proyectou3_web2_medina_zevallos,JavaScript,CSS,4.61
proyecto-si982-2024-rec-u3-proyectou3_web2_medina_zevallos,proyecto,si982-2024-rec-u3-proyectou3_web2_medina_zevallos,JavaScript,C#,0.9
proyecto-si982-2024-rec-u3-proyectou3_web2_medina_zevallos,proyecto,si982-2024-rec-u3-proyectou3_web2_medina_zevallos,JavaScript,HCL,0.01
proyecto-si982-2024-rec-u3-proyectou3_web2_medina_zevallos,proyecto,si982-2024-rec-u3-proyectou3_web2_medina_zevallos,JavaScript,ASP.NET,0.0
proyecto-si982-2024-rec-u3-bolsa_trabajo_soto_llantay,proyecto,si982-2024-rec-u3-bolsa_trabajo_soto_llantay,JavaScript,JavaScript,86.71
proyecto-si982-2024-rec-u3-bolsa_trabajo_soto_llantay,proyecto,si982-2024-rec-u3-bolsa_trabajo_soto_llantay,JavaScript,CSS,4.58
proyecto-si982-2024-rec-u3-bolsa_trabajo_soto_llantay,proyecto,si982-2024-rec-u3-bolsa_trabajo_soto_llantay,JavaScript,ASP.NET,3.86
proyecto-si982-2024-rec-u3-bolsa_trabajo_soto_llantay,proyecto,si982-2024-rec-u3-bolsa_trabajo_soto_llantay,JavaScript,HTML,3.8
proyecto-si982-2024-rec-u3-bolsa_trabajo_soto_llantay,proyecto,si982-2024-rec-u3-bolsa_trabajo_soto_llantay,JavaScript,C#,1.03
proyecto-si982-2024-rec-u3-bolsa_trabajo_soto_llantay,proyecto,si982-2024-rec-u3-bolsa_trabajo_soto_llantay,JavaScript,HCL,0.02
proyecto-si889-2025-i-u1-floresq_chambi_leyva,proyecto,si889-2025-i-u1-floresq_chambi_leyva,Python,Python,39.65
proyecto-si889-2025-i-u1-floresq_chambi_leyva,proyecto,si889-2025-i-u1-floresq_chambi_leyva,Python,JavaScript,23.43
proyecto-si889-2025-i-u1-floresq_chambi_leyva,proyecto,si889-2025-i-u1-floresq_chambi_leyva,Python,CSS,19.02
proyecto-si889-2025-i-u1-floresq_chambi_leyva,proyecto,si889-2025-i-u1-floresq_chambi_leyva,Python,HTML,13.82
proyecto-si889-2025-i-u1-floresq_chambi_leyva,proyecto,si889-2025-i-u1-floresq_chambi_leyva,Python,HCL,3.95
proyecto-si889-2025-i-u1-floresq_chambi_leyva,proyecto,si889-2025-i-u1-floresq_chambi_leyva,Python,Shell,0.13
proyecto-si784-2025-i-u1-aas,proyecto,si784-2025-i-u1-aas,PHP,PHP,80.55
proyecto-si784-2025-i-u1-aas,proyecto,si784-2025-i-u1-aas,PHP,CSS,14.61
proyecto-si784-2025-i-u1-aas,proyecto,si784-2025-i-u1-aas,PHP,JavaScript,4.84
proyecto-si784-2025-i-u1-fitmatch,proyecto,si784-2025-i-u1-fitmatch,Java,Java,96.47
proyecto-si784-2025-i-u1-fitmatch,proyecto,si784-2025-i-u1-fitmatch,Java,Shell,1.86
proyecto-si784-2025-i-u1-fitmatch,proyecto,si784-2025-i-u1-fitmatch,Java,Batchfile,1.67
proyecto-si784-2025-i-u1-sipre,proyecto,si784-2025-i-u1-sipre,PHP,PHP,65.22
proyecto-si784-2025-i-u1-sipre,proyecto,si784-2025-i-u1-sipre,PHP,CSS,22.88
proyecto-si784-2025-i-u1-sipre,proyecto,si784-2025-i-u1-sipre,PHP,JavaScript,8.83
proyecto-si784-2025-i-u1-sipre,proyecto,si784-2025-i-u1-sipre,PHP,HCL,2.35
proyecto-si784-2025-i-u1-sipre,proyecto,si784-2025-i-u1-sipre,PHP,Hack,0.71
proyecto-si784-2025-i-u1-uni-adviser,proyecto,si784-2025-i-u1-uni-adviser,PHP,PHP,79.06
proyecto-si784-2025-i-u1-uni-adviser,proyecto,si784-2025-i-u1-uni-adviser,PHP,CSS,19.25
proyecto-si784-2025-i-u1-uni-adviser,proyecto,si784-2025-i-u1-uni-adviser,PHP,Hack,1.69
proyecto-si885-2025-i-u1-chv_team,proyecto,si885-2025-i-u1-chv_team,TSQL,TSQL,100.0
proyecto-si885-2025-i-u1-tapia_ayma_poma_u1,proyecto,si885-2025-i-u1-tapia_ayma_poma_u1,TSQL,TSQL,92.49
proyecto-si885-2025-i-u1-tapia_ayma_poma_u1,proyecto,si885-2025-i-u1-tapia_ayma_poma_u1,TSQL,HCL,7.51
proyecto-si885-2025-i-u1-fm_fr_fv,proyecto,si885-2025-i-u1-fm_fr_fv,HCL,HCL,100.0
proyecto-si889-2025-i-u1-ticona_martinez_perez,proyecto,si889-2025-i-u1-ticona_martinez_perez,JavaScript,JavaScript,62.43
proyecto-si889-2025-i-u1-ticona_martinez_perez,proyecto,si889-2025-i-u1-ticona_martinez_perez,JavaScript,Python,31.82
proyecto-si889-2025-i-u1-ticona_martinez_perez,proyecto,si889-2025-i-u1-ticona_martinez_perez,JavaScript,HCL,5.37
proyecto-si889-2025-i-u1-ticona_martinez_perez,proyecto,si889-2025-i-u1-ticona_martinez_perez,JavaScript,HTML,0.37
proyecto-si889-2025-i-u1-agreda_contreras_ortiz,proyecto,si889-2025-i-u1-agreda_contreras_ortiz,JavaScript,JavaScript,31.52
proyecto-si889-2025-i-u1-agreda_contreras_ortiz,proyecto,si889-2025-i-u1-agreda_contreras_ortiz,JavaScript,Python,24.35
proyecto-si889-2025-i-u1-agreda_contreras_ortiz,proyecto,si889-2025-i-u1-agreda_contreras_ortiz,JavaScript,HTML,21.5
proyecto-si889-2025-i-u1-agreda_contreras_ortiz,proyecto,si889-2025-i-u1-agreda_contreras_ortiz,JavaScript,HCL,17.78
proyecto-si889-2025-i-u1-agreda_contreras_ortiz,proyecto,si889-2025-i-u1-agreda_contreras_ortiz,JavaScript,Shell,3.57
proyecto-si889-2025-i-u1-agreda_contreras_ortiz,proyecto,si889-2025-i-u1-agreda_contreras_ortiz,JavaScript,CSS,1.27
proyecto-si889-2025-i-u1-chite_paja,proyecto,si889-2025-i-u1-chite_paja,HTML,HTML,88.57
proyecto-si889-2025-i-u1-chite_paja,proyecto,si889-2025-i-u1-chite_paja,HTML,Python,9.33
proyecto-si889-2025-i-u1-chite_paja,proyecto,si889-2025-i-u1-chite_paja,HTML,CSS,2.11
proyecto-si889-2025-i-u1-docucode-ai,proyecto,si889-2025-i-u1-docucode-ai,PHP,PHP,95.72
proyecto-si889-2025-i-u1-docucode-ai,proyecto,si889-2025-i-u1-docucode-ai,PHP,Hack,4.28
proyecto-si885-2025-i-u1-chambi_flores_leyva,proyecto,si885-2025-i-u1-chambi_flores_leyva,Python,Python,77.69
proyecto-si885-2025-i-u1-chambi_flores_leyva,proyecto,si885-2025-i-u1-chambi_flores_leyva,Python,HCL,22.31
proyecto-si889-2025-i-u1-tapia_poma_ayma,proyecto,si889-2025-i-u1-tapia_poma_ayma,Dart,Dart,69.14
proyecto-si889-2025-i-u1-tapia_poma_ayma,proyecto,si889-2025-i-u1-tapia_poma_ayma,Dart,C++,15.07
proyecto-si889-2025-i-u1-tapia_poma_ayma,proyecto,si889-2025-i-u1-tapia_poma_ayma,Dart,CMake,11.84
proyecto-si889-2025-i-u1-tapia_poma_ayma,proyecto,si889-2025-i-u1-tapia_poma_ayma,Dart,Swift,1.51
proyecto-si889-2025-i-u1-tapia_poma_ayma,proyecto,si889-2025-i-u1-tapia_poma_ayma,Dart,HTML,1.24
proyecto-si889-2025-i-u1-tapia_poma_ayma,proyecto,si889-2025-i-u1-tapia_poma_ayma,Dart,C,0.85
proyecto-si889-2025-i-u1-tapia_poma_ayma,proyecto,si889-2025-i-u1-tapia_poma_ayma,Dart,HCL,0.25
proyecto-si889-2025-i-u1-tapia_poma_ayma,proyecto,si889-2025-i-u1-tapia_poma_ayma,Dart,Kotlin,0.07
proyecto-si889-2025-i-u1-tapia_poma_ayma,proyecto,si889-2025-i-u1-tapia_poma_ayma,Dart,Objective-C,0.02
proyecto-si889-2025-i-u1-team_fm_fr_fv,proyecto,si889-2025-i-u1-team_fm_fr_fv,C#,C#,57.05
proyecto-si889-2025-i-u1-team_fm_fr_fv,proyecto,si889-2025-i-u1-team_fm_fr_fv,C#,TypeScript,34.62
proyecto-si889-2025-i-u1-team_fm_fr_fv,proyecto,si889-2025-i-u1-team_fm_fr_fv,C#,HCL,4.7
proyecto-si889-2025-i-u1-team_fm_fr_fv,proyecto,si889-2025-i-u1-team_fm_fr_fv,C#,CSS,2.36
proyecto-si889-2025-i-u1-team_fm_fr_fv,proyecto,si889-2025-i-u1-team_fm_fr_fv,C#,JavaScript,0.84
proyecto-si889-2025-i-u1-team_fm_fr_fv,proyecto,si889-2025-i-u1-team_fm_fr_fv,C#,HTML,0.42
proyecto-si889-2025-i-u1-proyecto_chambenina_patrones,proyecto,si889-2025-i-u1-proyecto_chambenina_patrones,Dart,Dart,62.59
proyecto-si889-2025-i-u1-proyecto_chambenina_patrones,proyecto,si889-2025-i-u1-proyecto_chambenina_patrones,Dart,C++,18.62
proyecto-si889-2025-i-u1-proyecto_chambenina_patrones,proyecto,si889-2025-i-u1-proyecto_chambenina_patrones,Dart,CMake,14.65
proyecto-si889-2025-i-u1-proyecto_chambenina_patrones,proyecto,si889-2025-i-u1-proyecto_chambenina_patrones,Dart,Swift,2.06
proyecto-si889-2025-i-u1-proyecto_chambenina_patrones,proyecto,si889-2025-i-u1-proyecto_chambenina_patrones,Dart,C,1.05
proyecto-si889-2025-i-u1-proyecto_chambenina_patrones,proyecto,si889-2025-i-u1-proyecto_chambenina_patrones,Dart,HTML,0.9
proyecto-si889-2025-i-u1-proyecto_chambenina_patrones,proyecto,si889-2025-i-u1-proyecto_chambenina_patrones,Dart,Kotlin,0.09
proyecto-si889-2025-i-u1-proyecto_chambenina_patrones,proyecto,si889-2025-i-u1-proyecto_chambenina_patrones,Dart,Objective-C,0.03
proyecto-si889-2025-i-u1-ccalli_cespedes,proyecto,si889-2025-i-u1-ccalli_cespedes,HCL,HCL,100.0
proyecto-si784-2025-i-u2-documentos-ia,proyecto,si784-2025-i-u2-documentos-ia,JavaScript,JavaScript,70.93
proyecto-si784-2025-i-u2-documentos-ia,proyecto,si784-2025-i-u2-documentos-ia,JavaScript,HTML,19.72
proyecto-si784-2025-i-u2-documentos-ia,proyecto,si784-2025-i-u2-documentos-ia,JavaScript,CSS,5.6
proyecto-si784-2025-i-u2-documentos-ia,proyecto,si784-2025-i-u2-documentos-ia,JavaScript,HCL,3.72
proyecto-si784-2025-i-u2-documentos-ia,proyecto,si784-2025-i-u2-documentos-ia,JavaScript,Procfile,0.03
proyecto-si784-2025-i-u2-documentos_datafiller,proyecto,si784-2025-i-u2-documentos_datafiller,HTML,HTML,87.3
proyecto-si784-2025-i-u2-documentos_datafiller,proyecto,si784-2025-i-u2-documentos_datafiller,HTML,PHP,8.65
proyecto-si784-2025-i-u2-documentos_datafiller,proyecto,si784-2025-i-u2-documentos_datafiller,HTML,CSS,1.67
proyecto-si784-2025-i-u2-documentos_datafiller,proyecto,si784-2025-i-u2-documentos_datafiller,HTML,JavaScript,1.56
proyecto-si784-2025-i-u2-documentos_datafiller,proyecto,si784-2025-i-u2-documentos_datafiller,HTML,Gherkin,0.54
proyecto-si784-2025-i-u2-documentos_datafiller,proyecto,si784-2025-i-u2-documentos_datafiller,HTML,Hack,0.1
proyecto-si784-2025-i-u2-documentos_datafiller,proyecto,si784-2025-i-u2-documentos_datafiller,HTML,TSQL,0.09
proyecto-si784-2025-i-u2-documentos_datafiller,proyecto,si784-2025-i-u2-documentos_datafiller,HTML,HCL,0.07
proyecto-si784-2025-i-u2-documentos_datafiller,proyecto,si784-2025-i-u2-documentos_datafiller,HTML,Batchfile,0.01
proyecto-si784-2025-i-u2-markdown2video,proyecto,si784-2025-i-u2-markdown2video,PHP,PHP,57.1
proyecto-si784-2025-i-u2-markdown2video,proyecto,si784-2025-i-u2-markdown2video,PHP,JavaScript,26.82
proyecto-si784-2025-i-u2-markdown2video,proyecto,si784-2025-i-u2-markdown2video,PHP,CSS,14.6
proyecto-si784-2025-i-u2-markdown2video,proyecto,si784-2025-i-u2-markdown2video,PHP,HCL,0.78
proyecto-si784-2025-i-u2-markdown2video,proyecto,si784-2025-i-u2-markdown2video,PHP,Gherkin,0.47
proyecto-si784-2025-i-u2-markdown2video,proyecto,si784-2025-i-u2-markdown2video,PHP,Hack,0.24
proyecto-si784-2025-i-u2-syntax,proyecto,si784-2025-i-u2-syntax,HTML,HTML,85.72
proyecto-si784-2025-i-u2-syntax,proyecto,si784-2025-i-u2-syntax,HTML,PHP,11.71
proyecto-si784-2025-i-u2-syntax,proyecto,si784-2025-i-u2-syntax,HTML,JavaScript,1.36
proyecto-si784-2025-i-u2-syntax,proyecto,si784-2025-i-u2-syntax,HTML,CSS,1.19
proyecto-si784-2025-i-u2-syntax,proyecto,si784-2025-i-u2-syntax,HTML,HCL,0.02
proyecto-si889-2025-i-u2-pianorise_agreda_contreras_ortiz,proyecto,si889-2025-i-u2-pianorise_agreda_contreras_ortiz,HTML,HTML,45.0
proyecto-si889-2025-i-u2-pianorise_agreda_contreras_ortiz,proyecto,si889-2025-i-u2-pianorise_agreda_contreras_ortiz,HTML,C#,30.7
proyecto-si889-2025-i-u2-pianorise_agreda_contreras_ortiz,proyecto,si889-2025-i-u2-pianorise_agreda_contreras_ortiz,HTML,Python,11.38
proyecto-si889-2025-i-u2-pianorise_agreda_contreras_ortiz,proyecto,si889-2025-i-u2-pianorise_agreda_contreras_ortiz,HTML,CSS,8.64
proyecto-si889-2025-i-u2-pianorise_agreda_contreras_ortiz,proyecto,si889-2025-i-u2-pianorise_agreda_contreras_ortiz,HTML,JavaScript,2.61
proyecto-si889-2025-i-u2-pianorise_agreda_contreras_ortiz,proyecto,si889-2025-i-u2-pianorise_agreda_contreras_ortiz,HTML,HCL,1.39
proyecto-si889-2025-i-u2-pianorise_agreda_contreras_ortiz,proyecto,si889-2025-i-u2-pianorise_agreda_contreras_ortiz,HTML,Shell,0.28
proyecto-si889-2025-i-u2-poma_ayma_tapia,proyecto,si889-2025-i-u2-poma_ayma_tapia,Dart,Dart,85.67
proyecto-si889-2025-i-u2-poma_ayma_tapia,proyecto,si889-2025-i-u2-poma_ayma_tapia,Dart,C++,7.12
proyecto-si889-2025-i-u2-poma_ayma_tapia,proyecto,si889-2025-i-u2-poma_ayma_tapia,Dart,CMake,5.56
proyecto-si889-2025-i-u2-poma_ayma_tapia,proyecto,si889-2025-i-u2-poma_ayma_tapia,Dart,Swift,0.74
proyecto-si889-2025-i-u2-poma_ayma_tapia,proyecto,si889-2025-i-u2-poma_ayma_tapia,Dart,C,0.4
proyecto-si889-2025-i-u2-poma_ayma_tapia,proyecto,si889-2025-i-u2-poma_ayma_tapia,Dart,HTML,0.34
proyecto-si889-2025-i-u2-poma_ayma_tapia,proyecto,si889-2025-i-u2-poma_ayma_tapia,Dart,HCL,0.12
proyecto-si889-2025-i-u2-poma_ayma_tapia,proyecto,si889-2025-i-u2-poma_ayma_tapia,Dart,Kotlin,0.03
proyecto-si889-2025-i-u2-poma_ayma_tapia,proyecto,si889-2025-i-u2-poma_ayma_tapia,Dart,Objective-C,0.01
proyecto-si784-2025-i-u2-scae-upt,proyecto,si784-2025-i-u2-scae-upt,HTML,HTML,88.74
proyecto-si784-2025-i-u2-scae-upt,proyecto,si784-2025-i-u2-scae-upt,HTML,C#,8.13
proyecto-si784-2025-i-u2-scae-upt,proyecto,si784-2025-i-u2-scae-upt,HTML,JavaScript,0.98
proyecto-si784-2025-i-u2-scae-upt,proyecto,si784-2025-i-u2-scae-upt,HTML,CSS,0.71
proyecto-si784-2025-i-u2-scae-upt,proyecto,si784-2025-i-u2-scae-upt,HTML,Python,0.67
proyecto-si784-2025-i-u2-scae-upt,proyecto,si784-2025-i-u2-scae-upt,HTML,HCL,0.44
proyecto-si784-2025-i-u2-scae-upt,proyecto,si784-2025-i-u2-scae-upt,HTML,Dockerfile,0.19
proyecto-si784-2025-i-u2-scae-upt,proyecto,si784-2025-i-u2-scae-upt,HTML,Gherkin,0.1
proyecto-si784-2025-i-u2-scae-upt,proyecto,si784-2025-i-u2-scae-upt,HTML,Inno Setup,0.05
proyecto-si889-2025-i-u2-chambe_nina_condori,proyecto,si889-2025-i-u2-chambe_nina_condori,C,C,34.16
proyecto-si889-2025-i-u2-chambe_nina_condori,proyecto,si889-2025-i-u2-chambe_nina_condori,C,C++,33.81
proyecto-si889-2025-i-u2-chambe_nina_condori,proyecto,si889-2025-i-u2-chambe_nina_condori,C,CMake,17.63
proyecto-si889-2025-i-u2-chambe_nina_condori,proyecto,si889-2025-i-u2-chambe_nina_condori,C,Makefile,13.2
proyecto-si889-2025-i-u2-chambe_nina_condori,proyecto,si889-2025-i-u2-chambe_nina_condori,C,Dart,0.58
proyecto-si889-2025-i-u2-chambe_nina_condori,proyecto,si889-2025-i-u2-chambe_nina_condori,C,Java,0.29
proyecto-si889-2025-i-u2-chambe_nina_condori,proyecto,si889-2025-i-u2-chambe_nina_condori,C,Objective-C,0.26
proyecto-si889-2025-i-u2-chambe_nina_condori,proyecto,si889-2025-i-u2-chambe_nina_condori,C,Shell,0.07
proyecto-si889-2025-i-u2-leyva_chambi_floresq,proyecto,si889-2025-i-u2-leyva_chambi_floresq,Python,Python,47.45
proyecto-si889-2025-i-u2-leyva_chambi_floresq,proyecto,si889-2025-i-u2-leyva_chambi_floresq,Python,JavaScript,31.77
proyecto-si889-2025-i-u2-leyva_chambi_floresq,proyecto,si889-2025-i-u2-leyva_chambi_floresq,Python,CSS,9.54
proyecto-si889-2025-i-u2-leyva_chambi_floresq,proyecto,si889-2025-i-u2-leyva_chambi_floresq,Python,HTML,9.34
proyecto-si889-2025-i-u2-leyva_chambi_floresq,proyecto,si889-2025-i-u2-leyva_chambi_floresq,Python,HCL,1.69
proyecto-si889-2025-i-u2-leyva_chambi_floresq,proyecto,si889-2025-i-u2-leyva_chambi_floresq,Python,Dockerfile,0.22
proyecto-si889-2025-i-u2-lupaca_viveros_jarro,proyecto,si889-2025-i-u2-lupaca_viveros_jarro,PHP,PHP,89.67
proyecto-si889-2025-i-u2-lupaca_viveros_jarro,proyecto,si889-2025-i-u2-lupaca_viveros_jarro,PHP,Hack,8.42
proyecto-si889-2025-i-u2-lupaca_viveros_jarro,proyecto,si889-2025-i-u2-lupaca_viveros_jarro,PHP,HCL,1.91
proyecto-si885-2025-i-u2-grupo_fv_fr_fm,proyecto,si885-2025-i-u2-grupo_fv_fr_fm,Python,Python,94.98
proyecto-si885-2025-i-u2-grupo_fv_fr_fm,proyecto,si885-2025-i-u2-grupo_fv_fr_fm,Python,HCL,5.02
proyecto-si889-2025-i-u2-ticonamartinezperez,proyecto,si889-2025-i-u2-ticonamartinezperez,JavaScript,JavaScript,61.44
proyecto-si889-2025-i-u2-ticonamartinezperez,proyecto,si889-2025-i-u2-ticonamartinezperez,JavaScript,Python,36.23
proyecto-si889-2025-i-u2-ticonamartinezperez,proyecto,si889-2025-i-u2-ticonamartinezperez,JavaScript,HCL,1.32
proyecto-si889-2025-i-u2-ticonamartinezperez,proyecto,si889-2025-i-u2-ticonamartinezperez,JavaScript,CSS,0.44
proyecto-si889-2025-i-u2-ticonamartinezperez,proyecto,si889-2025-i-u2-ticonamartinezperez,JavaScript,Batchfile,0.41
proyecto-si889-2025-i-u2-ticonamartinezperez,proyecto,si889-2025-i-u2-ticonamartinezperez,JavaScript,HTML,0.16
proyecto-si885-2025-i-u2-chambi_floresqf_leyva,proyecto,si885-2025-i-u2-chambi_floresqf_leyva,Python,Python,89.32
proyecto-si885-2025-i-u2-chambi_floresqf_leyva,proyecto,si885-2025-i-u2-chambi_floresqf_leyva,Python,HCL,10.68
proyecto-si885-2025-i-u2-grupo_bc_ch_rv,proyecto,si885-2025-i-u2-grupo_bc_ch_rv,TSQL,TSQL,89.49
proyecto-si885-2025-i-u2-grupo_bc_ch_rv,proyecto,si885-2025-i-u2-grupo_bc_ch_rv,TSQL,HCL,10.51
proyecto-si885-2025-i-u2-grupo_ac_pm_tv,proyecto,si885-2025-i-u2-grupo_ac_pm_tv,Python,Python,98.21
proyecto-si885-2025-i-u2-grupo_ac_pm_tv,proyecto,si885-2025-i-u2-grupo_ac_pm_tv,Python,C,1.03
proyecto-si885-2025-i-u2-grupo_ac_pm_tv,proyecto,si885-2025-i-u2-grupo_ac_pm_tv,Python,Cython,0.3
proyecto-si885-2025-i-u2-grupo_ac_pm_tv,proyecto,si885-2025-i-u2-grupo_ac_pm_tv,Python,C++,0.21
proyecto-si885-2025-i-u2-grupo_ac_pm_tv,proyecto,si885-2025-i-u2-grupo_ac_pm_tv,Python,Fortran,0.1
proyecto-si885-2025-i-u2-grupo_ac_pm_tv,proyecto,si885-2025-i-u2-grupo_ac_pm_tv,Python,PowerShell,0.05
proyecto-si885-2025-i-u2-grupo_ac_pm_tv,proyecto,si885-2025-i-u2-grupo_ac_pm_tv,Python,JavaScript,0.02
proyecto-si885-2025-i-u2-grupo_ac_pm_tv,proyecto,si885-2025-i-u2-grupo_ac_pm_tv,Python,Smarty,0.02
proyecto-si885-2025-i-u2-grupo_ac_pm_tv,proyecto,si885-2025-i-u2-grupo_ac_pm_tv,Python,TSQL,0.02
proyecto-si885-2025-i-u2-grupo_ac_pm_tv,proyecto,si885-2025-i-u2-grupo_ac_pm_tv,Python,CSS,0.01
proyecto-si885-2025-i-u2-grupo_ac_pm_tv,proyecto,si885-2025-i-u2-grupo_ac_pm_tv,Python,Meson,0.01
proyecto-si885-2025-i-u2-grupo_ac_pm_tv,proyecto,si885-2025-i-u2-grupo_ac_pm_tv,Python,HTML,0.01
proyecto-si885-2025-i-u2-grupo_ac_pm_tv,proyecto,si885-2025-i-u2-grupo_ac_pm_tv,Python,Batchfile,0.0
proyecto-si885-2025-i-u2-grupo_ac_pm_tv,proyecto,si885-2025-i-u2-grupo_ac_pm_tv,Python,HCL,0.0
proyecto-si885-2025-i-u2-grupo_hc_pc,proyecto,si885-2025-i-u2-grupo_hc_pc,Python,Python,77.45
proyecto-si885-2025-i-u2-grupo_hc_pc,proyecto,si885-2025-i-u2-grupo_hc_pc,Python,TSQL,11.89
proyecto-si885-2025-i-u2-grupo_hc_pc,proyecto,si885-2025-i-u2-grupo_hc_pc,Python,PowerShell,5.74
proyecto-si885-2025-i-u2-grupo_hc_pc,proyecto,si885-2025-i-u2-grupo_hc_pc,Python,HCL,4.92
proyecto-si889-2025-i-u2-floresr_floresm_fernandezv,proyecto,si889-2025-i-u2-floresr_floresm_fernandezv,TypeScript,TypeScript,57.97
proyecto-si889-2025-i-u2-floresr_floresm_fernandezv,proyecto,si889-2025-i-u2-floresr_floresm_fernandezv,TypeScript,C#,38.32
proyecto-si889-2025-i-u2-floresr_floresm_fernandezv,proyecto,si889-2025-i-u2-floresr_floresm_fernandezv,TypeScript,CSS,1.78
proyecto-si889-2025-i-u2-floresr_floresm_fernandezv,proyecto,si889-2025-i-u2-floresr_floresm_fernandezv,TypeScript,HCL,1.05
proyecto-si889-2025-i-u2-floresr_floresm_fernandezv,proyecto,si889-2025-i-u2-floresr_floresm_fernandezv,TypeScript,Dockerfile,0.45
proyecto-si889-2025-i-u2-floresr_floresm_fernandezv,proyecto,si889-2025-i-u2-floresr_floresm_fernandezv,TypeScript,JavaScript,0.22
proyecto-si889-2025-i-u2-floresr_floresm_fernandezv,proyecto,si889-2025-i-u2-floresr_floresm_fernandezv,TypeScript,HTML,0.2
proyecto-si889-2025-i-u2-floresr_floresm_fernandezv,proyecto,si889-2025-i-u2-floresr_floresm_fernandezv,TypeScript,Procfile,0.01
proyecto-si784-2025-i-u2-deadline-collision-predictor,proyecto,si784-2025-i-u2-deadline-collision-predictor,JavaScript,JavaScript,62.82
proyecto-si784-2025-i-u2-deadline-collision-predictor,proyecto,si784-2025-i-u2-deadline-collision-predictor,JavaScript,HTML,29.54
proyecto-si784-2025-i-u2-deadline-collision-predictor,proyecto,si784-2025-i-u2-deadline-collision-predictor,JavaScript,CSS,6.82
proyecto-si784-2025-i-u2-deadline-collision-predictor,proyecto,si784-2025-i-u2-deadline-collision-predictor,JavaScript,HCL,0.7
proyecto-si784-2025-i-u2-deadline-collision-predictor,proyecto,si784-2025-i-u2-deadline-collision-predictor,JavaScript,Dockerfile,0.12
proyecto-si784-2025-i-u2-deadline-collision-predictor,proyecto,si784-2025-i-u2-deadline-collision-predictor,JavaScript,Procfile,0.01
proyecto-si889-2025-i-u2-scannerweb_ccalli_jarro,proyecto,si889-2025-i-u2-scannerweb_ccalli_jarro,HTML,HTML,60.58
proyecto-si889-2025-i-u2-scannerweb_ccalli_jarro,proyecto,si889-2025-i-u2-scannerweb_ccalli_jarro,HTML,Python,28.99
proyecto-si889-2025-i-u2-scannerweb_ccalli_jarro,proyecto,si889-2025-i-u2-scannerweb_ccalli_jarro,HTML,JavaScript,7.89
proyecto-si889-2025-i-u2-scannerweb_ccalli_jarro,proyecto,si889-2025-i-u2-scannerweb_ccalli_jarro,HTML,Dockerfile,2.53
proyecto-si889-2025-i-u3-ticona-martinez-perez,proyecto,si889-2025-i-u3-ticona-martinez-perez,Python,Python,66.37
proyecto-si889-2025-i-u3-ticona-martinez-perez,proyecto,si889-2025-i-u3-ticona-martinez-perez,Python,JavaScript,32.98
proyecto-si889-2025-i-u3-ticona-martinez-perez,proyecto,si889-2025-i-u3-ticona-martinez-perez,Python,HCL,0.44
proyecto-si889-2025-i-u3-ticona-martinez-perez,proyecto,si889-2025-i-u3-ticona-martinez-perez,Python,CSS,0.15
proyecto-si889-2025-i-u3-ticona-martinez-perez,proyecto,si889-2025-i-u3-ticona-martinez-perez,Python,HTML,0.05
proyecto-si885-2025-i-u3-ayma_poma_tapiaa,proyecto,si885-2025-i-u3-ayma_poma_tapiaa,TSQL,TSQL,85.39
proyecto-si885-2025-i-u3-ayma_poma_tapiaa,proyecto,si885-2025-i-u3-ayma_poma_tapiaa,TSQL,HCL,14.61
proyecto-si889-2025-i-u3-agreda-contreras-ortiz,proyecto,si889-2025-i-u3-agreda-contreras-ortiz,HTML,HTML,45.0
proyecto-si889-2025-i-u3-agreda-contreras-ortiz,proyecto,si889-2025-i-u3-agreda-contreras-ortiz,HTML,C#,30.7
proyecto-si889-2025-i-u3-agreda-contreras-ortiz,proyecto,si889-2025-i-u3-agreda-contreras-ortiz,HTML,Python,11.38
proyecto-si889-2025-i-u3-agreda-contreras-ortiz,proyecto,si889-2025-i-u3-agreda-contreras-ortiz,HTML,CSS,8.64
proyecto-si889-2025-i-u3-agreda-contreras-ortiz,proyecto,si889-2025-i-u3-agreda-contreras-ortiz,HTML,JavaScript,2.61
proyecto-si889-2025-i-u3-agreda-contreras-ortiz,proyecto,si889-2025-i-u3-agreda-contreras-ortiz,HTML,HCL,1.39
proyecto-si889-2025-i-u3-agreda-contreras-ortiz,proyecto,si889-2025-i-u3-agreda-contreras-ortiz,HTML,Shell,0.28
proyecto-si885-2025-i-u3-floresq_chambi_leyvas,proyecto,si885-2025-i-u3-floresq_chambi_leyvas,Python,Python,92.67
proyecto-si885-2025-i-u3-floresq_chambi_leyvas,proyecto,si885-2025-i-u3-floresq_chambi_leyvas,Python,HCL,7.33
proyecto-si885-2025-i-u3-fernandez_floresr_floresm,proyecto,si885-2025-i-u3-fernandez_floresr_floresm,Python,Python,92.45
proyecto-si885-2025-i-u3-fernandez_floresr_floresm,proyecto,si885-2025-i-u3-fernandez_floresr_floresm,Python,HCL,7.55
proyecto-si889-2025-i-u3-chambe-nina-condori,proyecto,si889-2025-i-u3-chambe-nina-condori,C,C,34.16
proyecto-si889-2025-i-u3-chambe-nina-condori,proyecto,si889-2025-i-u3-chambe-nina-condori,C,C++,33.81
proyecto-si889-2025-i-u3-chambe-nina-condori,proyecto,si889-2025-i-u3-chambe-nina-condori,C,CMake,17.63
proyecto-si889-2025-i-u3-chambe-nina-condori,proyecto,si889-2025-i-u3-chambe-nina-condori,C,Makefile,13.2
proyecto-si889-2025-i-u3-chambe-nina-condori,proyecto,si889-2025-i-u3-chambe-nina-condori,C,Dart,0.58
proyecto-si889-2025-i-u3-chambe-nina-condori,proyecto,si889-2025-i-u3-chambe-nina-condori,C,Java,0.29
proyecto-si889-2025-i-u3-chambe-nina-condori,proyecto,si889-2025-i-u3-chambe-nina-condori,C,Objective-C,0.26
proyecto-si889-2025-i-u3-chambe-nina-condori,proyecto,si889-2025-i-u3-chambe-nina-condori,C,Shell,0.07
proyecto-si889-2025-i-u3-florer_floresm_fernandezv,proyecto,si889-2025-i-u3-florer_floresm_fernandezv,TypeScript,TypeScript,57.89
proyecto-si889-2025-i-u3-florer_floresm_fernandezv,proyecto,si889-2025-i-u3-florer_floresm_fernandezv,TypeScript,C#,38.4
proyecto-si889-2025-i-u3-florer_floresm_fernandezv,proyecto,si889-2025-i-u3-florer_floresm_fernandezv,TypeScript,CSS,1.77
proyecto-si889-2025-i-u3-florer_floresm_fernandezv,proyecto,si889-2025-i-u3-florer_floresm_fernandezv,TypeScript,HCL,1.05
proyecto-si889-2025-i-u3-florer_floresm_fernandezv,proyecto,si889-2025-i-u3-florer_floresm_fernandezv,TypeScript,Dockerfile,0.45
proyecto-si889-2025-i-u3-florer_floresm_fernandezv,proyecto,si889-2025-i-u3-florer_floresm_fernandezv,TypeScript,JavaScript,0.22
proyecto-si889-2025-i-u3-florer_floresm_fernandezv,proyecto,si889-2025-i-u3-florer_floresm_fernandezv,TypeScript,HTML,0.2
proyecto-si889-2025-i-u3-florer_floresm_fernandezv,proyecto,si889-2025-i-u3-florer_floresm_fernandezv,TypeScript,Procfile,0.01
proyecto-si889-2025-i-u3-docucode-ai-1,proyecto,si889-2025-i-u3-docucode-ai-1,HCL,HCL,100.0
proyecto-si885-2025-i-u3-chite_hinojosa_villanueva,proyecto,si885-2025-i-u3-chite_hinojosa_villanueva,TSQL,TSQL,89.49
proyecto-si885-2025-i-u3-chite_hinojosa_villanueva,proyecto,si885-2025-i-u3-chite_hinojosa_villanueva,TSQL,HCL,10.51
proyecto-si889-2025-i-u3-chite-floresq-leyva-chambi,proyecto,si889-2025-i-u3-chite-floresq-leyva-chambi,Python,Python,47.45
proyecto-si889-2025-i-u3-chite-floresq-leyva-chambi,proyecto,si889-2025-i-u3-chite-floresq-leyva-chambi,Python,JavaScript,31.77
proyecto-si889-2025-i-u3-chite-floresq-leyva-chambi,proyecto,si889-2025-i-u3-chite-floresq-leyva-chambi,Python,CSS,9.54
proyecto-si889-2025-i-u3-chite-floresq-leyva-chambi,proyecto,si889-2025-i-u3-chite-floresq-leyva-chambi,Python,HTML,9.34
proyecto-si889-2025-i-u3-chite-floresq-leyva-chambi,proyecto,si889-2025-i-u3-chite-floresq-leyva-chambi,Python,HCL,1.69
proyecto-si889-2025-i-u3-chite-floresq-leyva-chambi,proyecto,si889-2025-i-u3-chite-floresq-leyva-chambi,Python,Dockerfile,0.22
proyecto-si784-2025-i-u3-scaeupt,proyecto,si784-2025-i-u3-scaeupt,HTML,HTML,87.71
proyecto-si784-2025-i-u3-scaeupt,proyecto,si784-2025-i-u3-scaeupt,HTML,C#,8.88
proyecto-si784-2025-i-u3-scaeupt,proyecto,si784-2025-i-u3-scaeupt,HTML,JavaScript,0.97
proyecto-si784-2025-i-u3-scaeupt,proyecto,si784-2025-i-u3-scaeupt,HTML,HCL,0.75
proyecto-si784-2025-i-u3-scaeupt,proyecto,si784-2025-i-u3-scaeupt,HTML,CSS,0.7
proyecto-si784-2025-i-u3-scaeupt,proyecto,si784-2025-i-u3-scaeupt,HTML,Python,0.66
proyecto-si784-2025-i-u3-scaeupt,proyecto,si784-2025-i-u3-scaeupt,HTML,Dockerfile,0.19
proyecto-si784-2025-i-u3-scaeupt,proyecto,si784-2025-i-u3-scaeupt,HTML,Gherkin,0.1
proyecto-si784-2025-i-u3-scaeupt,proyecto,si784-2025-i-u3-scaeupt,HTML,Inno Setup,0.04
proyecto-si784-2025-i-u3-grupo_markdown2video,proyecto,si784-2025-i-u3-grupo_markdown2video,PHP,PHP,53.89
proyecto-si784-2025-i-u3-grupo_markdown2video,proyecto,si784-2025-i-u3-grupo_markdown2video,PHP,JavaScript,29.87
proyecto-si784-2025-i-u3-grupo_markdown2video,proyecto,si784-2025-i-u3-grupo_markdown2video,PHP,CSS,15.97
proyecto-si784-2025-i-u3-grupo_markdown2video,proyecto,si784-2025-i-u3-grupo_markdown2video,PHP,Hack,0.27
proyecto-si784-2025-i-u3-datafiller,proyecto,si784-2025-i-u3-datafiller,HTML,HTML,87.9
proyecto-si784-2025-i-u3-datafiller,proyecto,si784-2025-i-u3-datafiller,HTML,PHP,7.84
proyecto-si784-2025-i-u3-datafiller,proyecto,si784-2025-i-u3-datafiller,HTML,CSS,1.78
proyecto-si784-2025-i-u3-datafiller,proyecto,si784-2025-i-u3-datafiller,HTML,JavaScript,1.66
proyecto-si784-2025-i-u3-datafiller,proyecto,si784-2025-i-u3-datafiller,HTML,Gherkin,0.54
proyecto-si784-2025-i-u3-datafiller,proyecto,si784-2025-i-u3-datafiller,HTML,Hack,0.11
proyecto-si784-2025-i-u3-datafiller,proyecto,si784-2025-i-u3-datafiller,HTML,TSQL,0.09
proyecto-si784-2025-i-u3-datafiller,proyecto,si784-2025-i-u3-datafiller,HTML,HCL,0.07
proyecto-si784-2025-i-u3-datafiller,proyecto,si784-2025-i-u3-datafiller,HTML,Batchfile,0.01
proyecto-si784-2025-i-u3-docugen-ai,proyecto,si784-2025-i-u3-docugen-ai,JavaScript,JavaScript,79.93
proyecto-si784-2025-i-u3-docugen-ai,proyecto,si784-2025-i-u3-docugen-ai,JavaScript,HTML,16.31
proyecto-si784-2025-i-u3-docugen-ai,proyecto,si784-2025-i-u3-docugen-ai,JavaScript,CSS,3.75
proyecto-si885-2025-i-u3-paja_hernadnez,proyecto,si885-2025-i-u3-paja_hernadnez,Python,Python,77.45
proyecto-si885-2025-i-u3-paja_hernadnez,proyecto,si885-2025-i-u3-paja_hernadnez,Python,TSQL,11.89
proyecto-si885-2025-i-u3-paja_hernadnez,proyecto,si885-2025-i-u3-paja_hernadnez,Python,PowerShell,5.74
proyecto-si885-2025-i-u3-paja_hernadnez,proyecto,si885-2025-i-u3-paja_hernadnez,Python,HCL,4.92
proyecto-si784-2025-i-u3-estudiantes-de-syntax,proyecto,si784-2025-i-u3-estudiantes-de-syntax,PHP,PHP,91.05
proyecto-si784-2025-i-u3-estudiantes-de-syntax,proyecto,si784-2025-i-u3-estudiantes-de-syntax,PHP,CSS,6.09
proyecto-si784-2025-i-u3-estudiantes-de-syntax,proyecto,si784-2025-i-u3-estudiantes-de-syntax,PHP,JavaScript,2.86
proyecto-si889-2025-ii-u1-cabrera_melendez,proyecto,si889-2025-ii-u1-cabrera_melendez,C++,C++,33.14
proyecto-si889-2025-ii-u1-cabrera_melendez,proyecto,si889-2025-ii-u1-cabrera_melendez,C++,C,29.96
proyecto-si889-2025-ii-u1-cabrera_melendez,proyecto,si889-2025-ii-u1-cabrera_melendez,C++,CMake,18.48
proyecto-si889-2025-ii-u1-cabrera_melendez,proyecto,si889-2025-ii-u1-cabrera_melendez,C++,Dart,17.6
proyecto-si889-2025-ii-u1-cabrera_melendez,proyecto,si889-2025-ii-u1-cabrera_melendez,C++,Swift,0.36
proyecto-si889-2025-ii-u1-cabrera_melendez,proyecto,si889-2025-ii-u1-cabrera_melendez,C++,JavaScript,0.21
proyecto-si889-2025-ii-u1-cabrera_melendez,proyecto,si889-2025-ii-u1-cabrera_melendez,C++,HTML,0.19
proyecto-si889-2025-ii-u1-cabrera_melendez,proyecto,si889-2025-ii-u1-cabrera_melendez,C++,HCL,0.04
proyecto-si889-2025-ii-u1-cabrera_melendez,proyecto,si889-2025-ii-u1-cabrera_melendez,C++,Kotlin,0.02
proyecto-si889-2025-ii-u1-cabrera_melendez,proyecto,si889-2025-ii-u1-cabrera_melendez,C++,Objective-C,0.01
proyecto-si885-2025-ii-u1-animalsight-dashboard,proyecto,si885-2025-ii-u1-animalsight-dashboard,Python,Python,78.75
proyecto-si885-2025-ii-u1-animalsight-dashboard,proyecto,si885-2025-ii-u1-animalsight-dashboard,Python,HCL,21.25
proyecto-si885-2025-ii-u1-fistdev,proyecto,si885-2025-ii-u1-fistdev,Python,Python,61.07
proyecto-si885-2025-ii-u1-fistdev,proyecto,si885-2025-ii-u1-fistdev,Python,JavaScript,36.07
proyecto-si885-2025-ii-u1-fistdev,proyecto,si885-2025-ii-u1-fistdev,Python,PLpgSQL,1.3
proyecto-si885-2025-ii-u1-fistdev,proyecto,si885-2025-ii-u1-fistdev,Python,CSS,0.96
proyecto-si885-2025-ii-u1-fistdev,proyecto,si885-2025-ii-u1-fistdev,Python,Dockerfile,0.37
proyecto-si885-2025-ii-u1-fistdev,proyecto,si885-2025-ii-u1-fistdev,Python,HTML,0.23
proyecto-si885-2025-ii-u1-camac_rosas,proyecto,si885-2025-ii-u1-camac_rosas,Python,Python,97.17
proyecto-si885-2025-ii-u1-camac_rosas,proyecto,si885-2025-ii-u1-camac_rosas,Python,Dockerfile,2.83
proyecto-si889-2025-ii-u1-huaman_ancco_rivera,proyecto,si889-2025-ii-u1-huaman_ancco_rivera,Java,Java,99.83
proyecto-si889-2025-ii-u1-huaman_ancco_rivera,proyecto,si889-2025-ii-u1-huaman_ancco_rivera,Java,HTML,0.17
proyecto-si885-2025-ii-u1-easybeca-dashboard,proyecto,si885-2025-ii-u1-easybeca-dashboard,Python,Python,46.89
proyecto-si885-2025-ii-u1-easybeca-dashboard,proyecto,si885-2025-ii-u1-easybeca-dashboard,Python,HTML,39.21
proyecto-si885-2025-ii-u1-easybeca-dashboard,proyecto,si885-2025-ii-u1-easybeca-dashboard,Python,JavaScript,7.46
proyecto-si885-2025-ii-u1-easybeca-dashboard,proyecto,si885-2025-ii-u1-easybeca-dashboard,Python,CSS,3.88
proyecto-si885-2025-ii-u1-easybeca-dashboard,proyecto,si885-2025-ii-u1-easybeca-dashboard,Python,PowerShell,2.56
