repositorio,tipo_proyecto,nombre_proyecto,usa_aws,usa_azure,usa_django,usa_docker,usa_dotnet,usa_firebase,usa_gcp,usa_github_actions,usa_heroku,usa_laravel,usa_maven,usa_mongodb,usa_mysql,usa_nestjs,usa_nodejs,usa_npm,usa_pip,usa_postgresql,usa_postman,usa_react,usa_sonarqube,usa_sqlserver,usa_vercel
UPT-FAING-EPIS/proyecto_curso-intranet-universidad-matricula,proyecto_curso,intranet-universidad-matricula,0,0,0,0,0,0,0,0,0,0,0,0,0,0,0,0,0,0,0,0,0,0,0
UPT-FAING-EPIS/proyecto_curso-intranet_Usuarios,proyecto_curso,intranet_Usuarios,0,0,0,0,0,0,0,0,0,0,0,0,0,0,0,0,0,0,0,0,0,0,0
UPT-FAING-EPIS/proyecto_curso-intranet-cursos,proyecto_curso,intranet-cursos,0,0,1,0,0,0,0,0,0,0,0,0,0,0,0,0,1,0,0,0,0,0,0
UPT-FAING-EPIS/proyecto_curso-gestion-biblioteca-bilbo,proyecto_curso,gestion-biblioteca-bilbo,0,0,0,0,0,0,0,0,0,0,0,0,0,0,0,0,0,0,0,0,0,0,0
UPT-FAING-EPIS/proyecto_curso-tienda-de-zapatillas-kalpten,proyecto_curso,tienda-de-zapatillas-kalpten,0,0,0,0,0,0,0,0,0,0,0,0,0,0,0,0,0,0,0,0,0,0,0
UPT-FAING-EPIS/proyecto_curso-laboratorio-automotriz-laditec,proyecto_curso,laboratorio-automotriz-laditec,0,0,0,0,0,0,0,1,0,0,1,0,0,0,0,0,0,0,0,0,1,0,0
UPT-FAING-EPIS/proyecto_curso-Almacen,proyecto_curso,Almacen,0,0,0,0,0,0,0,0,0,0,0,0,0,0,0,0,0,0,0,0,0,0,0
UPT-FAING-EPIS/proyecto_curso_app_banca-api_usuario,proyecto_curso_app_banca,api_usuario,0,0,0,0,0,0,0,0,0,0,0,0,0,1,1,1,0,0,0,0,0,0,0
UPT-FAING-EPIS/proyecto_curso_app_banca-api_productos,proyecto_curso_app_banca,api_productos,0,0,0,0,0,0,0,0,0,0,0,0,0,0,0,0,0,0,0,0,0,0,0
UPT-FAING-EPIS/proyecto_curso_app_banca-api_notificaciones,proyecto_curso_app_banca,api_notificaciones,0,0,0,0,0,0,0,0,0,0,0,0,0,0,0,0,0,0,0,0,0,0,0
UPT-FAING-EPIS/proyecto_curso_app_banca-api_servicios,proyecto_curso_app_banca,api_servicios,0,0,1,0,0,0,0,0,0,0,0,0,1,0,0,0,0,0,0,0,0,0,0
UPT-FAING-EPIS/proyecto_curso_app_banca-api_operacion,proyecto_curso_app_banca,api_operacion,0,0,0,0,0,0,0,0,0,0,0,0,0,0,0,0,0,0,0,0,0,0,0
UPT-FAING-EPIS/proyecto_unidad_ii-intranet-asistencias,proyecto_unidad_ii,intranet-asistencias,0,0,0,0,0,0,0,0,0,0,0,0,0,0,0,0,0,0,0,0,0,0,0
UPT-FAING-EPIS/proyecto_unidad_ii-intranet-cursos,proyecto_unidad_ii,intranet-cursos,0,0,0,0,0,0,0,0,0,0,0,0,0,0,0,0,0,0,0,0,0,0,0
UPT-FAING-EPIS/proyecto_unidad_ii-intranet-universidad-matricula,proyecto_unidad_ii,intranet-universidad-matricula,0,0,0,0,0,0,0,0,0,0,0,0,0,0,0,0,0,0,0,0,0,0,0
UPT-FAING-EPIS/proyecto_unidad_ii-intranet_humboldt,proyecto_unidad_ii,intranet_humboldt,0,0,0,0,0,0,0,0,0,0,0,0,0,0,0,0,0,0,0,0,0,0,0
UPT-FAING-EPIS/proyecto-unidad-iii-pds-api_notificaciones,proyecto,unidad-iii-pds-api_notificaciones,0,0,0,0,0,0,0,0,0,0,0,0,1,0,0,1,0,0,0,0,0,0,0
UPT-FAING-EPIS/proyecto-unidad-iii-pds-api_servicios,proyecto,unidad-iii-pds-api_servicios,0,0,1,1,0,0,0,0,0,0,0,0,0,0,0,1,1,0,0,1,0,0,0
UPT-FAING-EPIS/proyecto-unidad-iii-pds-api_usuario,proyecto,unidad-iii-pds-api_usuario,0,0,0,0,0,0,0,0,0,0,0,0,0,0,0,0,0,0,0,0,0,0,0
UPT-FAING-EPIS/proyecto-unidad-iii-pds-api_operacion,proyecto,unidad-iii-pds-api_operacion,0,0,0,0,0,0,0,0,0,0,0,0,0,0,0,0,0,0,0,0,0,0,0
UPT-FAING-EPIS/proyecto-unidad-iii-pds-api_productos,proyecto,unidad-iii-pds-api_productos,0,0,0,0,0,0,0,0,0,0,0,0,0,0,0,0,0,0,0,0,0,0,0
UPT-FAING-EPIS/proyecto-unidad-i-grupo-1-ac-jc-jj-jr-jv,proyecto,unidad-i-grupo-1-ac-jc-jj-jr-jv,0,0,0,1,1,0,0,0,0,0,0,0,0,0,0,0,0,0,0,0,0,1,0
UPT-FAING-EPIS/proyecto-smi-2023-ii-u1-moana,proyecto,smi-2023-ii-u1-moana,0,0,0,1,0,0,0,1,0,0,0,0,0,0,0,0,0,0,0,0,0,0,0
UPT-FAING-EPIS/proyecto-2023-ii-bdii-u1-grupo-2-jc-es-ic-mll-ft,proyecto,2023-ii-bdii-u1-grupo-2-jc-es-ic-mll-ft,0,0,0,1,0,0,0,0,0,0,0,0,0,0,0,0,0,1,0,0,0,0,0
UPT-FAING-EPIS/proyecto-smi-2023-ii-u1-appcrafters,proyecto,smi-2023-ii-u1-appcrafters,0,0,0,0,0,0,0,0,0,0,0,0,0,0,0,0,0,0,0,0,0,0,0
UPT-FAING-EPIS/proyecto-2023-ii-bdii-u1-gestion-de-viajes,proyecto,2023-ii-bdii-u1-gestion-de-viajes,0,0,0,0,0,0,0,0,0,0,0,0,1,0,0,0,0,0,0,0,0,0,0
UPT-FAING-EPIS/proyecto-2023-ii-bdii-u1-gestion-de-usuario,proyecto,2023-ii-bdii-u1-gestion-de-usuario,0,0,0,0,0,0,0,0,0,0,0,0,1,0,0,0,0,0,0,0,0,0,0
UPT-FAING-EPIS/proyecto-2023-ii-bdii-u1-los-uchiha-boys,proyecto,2023-ii-bdii-u1-los-uchiha-boys,0,0,0,0,0,0,0,0,0,0,0,0,0,0,0,0,0,0,0,0,0,0,0
UPT-FAING-EPIS/proyecto-smi-2023-ii-u1-mauiteam,proyecto,smi-2023-ii-u1-mauiteam,0,0,0,0,0,0,0,0,0,0,0,0,0,0,0,0,0,0,0,0,0,0,0
UPT-FAING-EPIS/proyecto-smi-2023-ii-u1-brawlhalla,proyecto,smi-2023-ii-u1-brawlhalla,0,0,0,0,0,0,0,0,0,0,0,0,0,0,0,0,0,0,0,0,0,0,0
UPT-FAING-EPIS/proyecto-cps-2023-ii-u1-proyecto_calidadu1_grupal_valverde,proyecto,cps-2023-ii-u1-proyecto_calidadu1_grupal_valverde,0,0,0,0,0,0,0,0,0,0,0,0,0,0,0,0,0,0,0,0,0,0,0
UPT-FAING-EPIS/proyecto-cps-2023-ii-u1-sistema-de-gestion-hotelera,proyecto,cps-2023-ii-u1-sistema-de-gestion-hotelera,0,0,0,0,0,0,0,0,0,0,0,0,0,0,0,0,0,0,0,0,0,0,0
UPT-FAING-EPIS/proyecto-smi-2023-ii-u2-grupogym,proyecto,smi-2023-ii-u2-grupogym,0,0,0,0,0,0,0,0,0,0,0,0,0,0,0,0,0,0,0,0,0,0,0
UPT-FAING-EPIS/proyecto-smi-2023-ii-u2-streamfy_team,proyecto,smi-2023-ii-u2-streamfy_team,0,0,0,0,0,0,0,0,0,0,0,0,0,0,0,0,0,0,0,0,0,0,0
UPT-FAING-EPIS/proyecto-smi-2023-ii-u2-moanatracker,proyecto,smi-2023-ii-u2-moanatracker,0,0,0,1,0,0,0,1,0,0,0,0,0,0,0,0,0,0,0,0,0,0,0
UPT-FAING-EPIS/proyecto-2023-ii-bdii-u3-gestion-de-usuario,proyecto,2023-ii-bdii-u3-gestion-de-usuario,1,0,1,1,0,0,0,0,0,0,0,0,1,0,0,0,0,0,0,0,0,0,0
UPT-FAING-EPIS/proyecto-smi-2023-ii-u2-mangaverse,proyecto,smi-2023-ii-u2-mangaverse,0,0,0,0,0,0,0,0,0,0,0,0,0,0,0,0,0,0,0,0,0,0,0
UPT-FAING-EPIS/proyecto-smi-2023-ii-u2-stageapp_brawlhalla,proyecto,smi-2023-ii-u2-stageapp_brawlhalla,0,0,0,0,0,0,0,0,0,0,0,0,0,0,0,0,0,0,0,0,0,0,0
UPT-FAING-EPIS/proyecto-2023-ii-bdii-u3-gestion-de-viajes,proyecto,2023-ii-bdii-u3-gestion-de-viajes,0,0,0,1,0,0,0,1,0,0,0,0,0,0,0,0,0,0,0,0,0,0,0
UPT-FAING-EPIS/proyecto-2023-ii-bdii-u3-grupo-2-jc-es-ic-mll-ft,proyecto,2023-ii-bdii-u3-grupo-2-jc-es-ic-mll-ft,1,0,0,0,0,0,0,0,0,1,0,0,0,0,0,0,0,0,0,0,0,0,0
UPT-FAING-EPIS/proyecto-2023-ii-bdii-u3-grupo-1-ac-jc-jj-jr-jv,proyecto,2023-ii-bdii-u3-grupo-1-ac-jc-jj-jr-jv,0,0,0,0,0,0,0,1,0,0,0,0,0,0,0,0,0,0,0,0,0,0,0
UPT-FAING-EPIS/proyecto-si784-2024-i-u1-tgu1_briceno_lopez_cuadros_castaneda,proyecto,si784-2024-i-u1-tgu1_briceno_lopez_cuadros_castaneda,0,0,0,0,0,0,0,0,0,0,0,0,0,0,0,0,0,0,0,0,0,0,0
UPT-FAING-EPIS/proyecto-si784-2024-i-u1-tgu2_cabrera_agreda_meza_ortiz,proyecto,si784-2024-i-u1-tgu2_cabrera_agreda_meza_ortiz,0,0,0,0,0,0,0,0,0,0,1,0,0,0,0,0,0,0,0,0,0,0,0
UPT-FAING-EPIS/proyecto-si784-2024-i-u1-cps_apaza_paco_lupaca_escobar,proyecto,si784-2024-i-u1-cps_apaza_paco_lupaca_escobar,0,0,0,0,0,0,0,0,0,0,0,0,0,0,0,0,0,0,0,0,0,0,0
UPT-FAING-EPIS/proyecto-si784-2024-i-u1-tgu3_hurtado_melendez_paja,proyecto,si784-2024-i-u1-tgu3_hurtado_melendez_paja,0,0,0,0,0,0,0,0,0,0,0,0,0,0,0,0,0,0,0,0,0,0,0
UPT-FAING-EPIS/proyecto-si784-2024-i-u1-tgu4_apaza_cutipa__churacutipa_huallpa,proyecto,si784-2024-i-u1-tgu4_apaza_cutipa__churacutipa_huallpa,0,0,0,0,0,0,0,0,0,0,0,0,0,0,0,0,0,0,0,0,0,0,0
UPT-FAING-EPIS/proyecto-si885-2024-i-u1-cano_chambilla_jarro_rivera_valverde,proyecto,si885-2024-i-u1-cano_chambilla_jarro_rivera_valverde,0,0,0,0,0,0,0,0,0,0,0,0,0,0,0,0,0,0,0,0,0,0,0
UPT-FAING-EPIS/proyecto-si885-2024-i-u1-ccalli_anahua_zeballos_salinas_paco,proyecto,si885-2024-i-u1-ccalli_anahua_zeballos_salinas_paco,0,0,0,0,0,0,0,0,0,0,0,0,0,0,0,0,0,0,0,0,0,0,0
UPT-FAING-EPIS/proyecto-si885-2024-i-u1-chata_chambe_nina_condori_casilla,proyecto,si885-2024-i-u1-chata_chambe_nina_condori_casilla,0,0,0,0,0,0,0,0,0,0,0,0,0,0,0,0,0,0,0,0,0,0,0
UPT-FAING-EPIS/proyecto-si885-2024-i-u1-ticahuanca_maltrain_llantay_arce,proyecto,si885-2024-i-u1-ticahuanca_maltrain_llantay_arce,0,0,0,0,0,0,0,0,0,0,0,0,0,0,0,0,0,0,0,0,0,0,0
UPT-FAING-EPIS/proyecto-si885-2024-i-u1-lira_chavez_cutipa,proyecto,si885-2024-i-u1-lira_chavez_cutipa,0,0,0,0,0,0,0,0,0,0,0,0,0,0,0,0,0,0,0,0,0,0,0
UPT-FAING-EPIS/proyecto-formatos-01,proyecto,formatos-01,0,0,0,0,0,0,0,0,0,0,0,0,0,0,0,0,0,0,0,0,0,0,0
UPT-FAING-EPIS/proyecto-si685-2024-i-u1-final-poma_floresramos_ayma_tapia_u1,proyecto,si685-2024-i-u1-final-poma_floresramos_ayma_tapia_u1,0,0,0,0,0,0,0,0,0,0,0,0,0,0,0,0,0,0,0,0,0,0,0
UPT-FAING-EPIS/proyecto-si685-2024-i-u1-final-grupo-01,proyecto,si685-2024-i-u1-final-grupo-01,0,0,0,0,0,0,0,0,0,0,0,0,0,0,0,0,0,0,0,0,0,0,0
UPT-FAING-EPIS/proyecto-si685-2024-i-u1-barrios_chire_fernandez_floresm_u1,proyecto,si685-2024-i-u1-barrios_chire_fernandez_floresm_u1,0,0,0,0,0,0,0,0,0,0,0,0,0,0,0,0,0,0,0,0,0,0,0
UPT-FAING-EPIS/proyecto-si685-2024-i-u1-final-barrios_chire_fernandez_floresm_u1,proyecto,si685-2024-i-u1-final-barrios_chire_fernandez_floresm_u1,0,0,0,0,0,0,0,0,0,0,0,0,0,0,0,0,0,0,0,0,0,0,0
UPT-FAING-EPIS/proyecto-si685-2024-i-u1-grupo-01,proyecto,si685-2024-i-u1-grupo-01,0,0,0,0,0,0,0,0,0,0,0,0,0,0,0,0,0,0,0,0,0,0,0
UPT-FAING-EPIS/proyecto-si885-2024-i-u1-final-JeanValverde24,proyecto,si885-2024-i-u1-final-JeanValverde24,0,0,0,0,0,0,0,0,0,0,0,0,0,0,0,0,0,0,0,0,0,0,0
UPT-FAING-EPIS/proyecto-si888-2024-i-u1-final-grupo_rivera_valverde,proyecto,si888-2024-i-u1-final-grupo_rivera_valverde,0,0,0,0,0,0,0,0,0,0,0,0,0,0,0,0,0,0,0,0,0,0,0
UPT-FAING-EPIS/proyecto-si685-2024-i-u1-poma_floresramos_ayma_tapia_u1,proyecto,si685-2024-i-u1-poma_floresramos_ayma_tapia_u1,0,0,0,0,0,0,0,0,0,0,0,0,0,0,0,0,0,0,0,0,0,0,0
UPT-FAING-EPIS/proyecto-si885-2024-i-u1-final-CrowProgrammer,proyecto,si885-2024-i-u1-final-CrowProgrammer,0,0,0,0,0,0,0,0,0,0,0,0,0,0,0,0,0,0,0,0,0,0,0
UPT-FAING-EPIS/proyecto-si885-2024-i-u1-final-Jose25UPT,proyecto,si885-2024-i-u1-final-Jose25UPT,0,0,0,0,0,0,0,0,0,0,0,0,0,0,0,0,0,0,0,0,0,0,0
UPT-FAING-EPIS/proyecto-si885-2024-i-u1-final-MAYnerAC,proyecto,si885-2024-i-u1-final-MAYnerAC,0,0,0,0,0,0,0,0,0,0,0,0,0,0,0,0,0,0,0,0,0,0,0
UPT-FAING-EPIS/proyecto-si885-2024-i-u1-final-JosueUPT,proyecto,si885-2024-i-u1-final-JosueUPT,0,0,0,0,0,0,0,0,0,0,0,0,0,0,0,0,0,0,0,0,0,0,0
UPT-FAING-EPIS/proyecto-si888-2024-i-u1-final-videojuegos,proyecto,si888-2024-i-u1-final-videojuegos,0,0,0,0,0,0,0,0,0,0,0,0,0,0,0,0,0,0,0,0,0,0,0
UPT-FAING-EPIS/proyecto-si885-2024-i-u1-final-joelccalli,proyecto,si885-2024-i-u1-final-joelccalli,0,0,0,0,0,0,0,0,0,0,0,0,0,0,0,0,0,0,0,0,0,0,0
UPT-FAING-EPIS/proyecto-si885-2024-i-u1-final-MAMANICONDORIGILMER,proyecto,si885-2024-i-u1-final-MAMANICONDORIGILMER,0,0,0,0,0,0,0,0,0,0,0,0,0,0,0,0,0,0,0,0,0,0,0
UPT-FAING-EPIS/proyecto-si888-2024-i-u1-final-unity_gamedeveloper,proyecto,si888-2024-i-u1-final-unity_gamedeveloper,0,0,0,0,0,0,0,0,0,0,0,0,0,0,0,0,0,0,0,0,0,0,0
UPT-FAING-EPIS/proyecto-si885-2024-i-u1-final-ArnoldCutipaa,proyecto,si885-2024-i-u1-final-ArnoldCutipaa,0,0,0,0,0,0,0,0,0,0,0,0,0,0,0,0,0,0,0,0,0,0,0
UPT-FAING-EPIS/proyecto-si885-2024-i-u1-final-2020068765,proyecto,si885-2024-i-u1-final-2020068765,0,0,0,0,0,0,0,0,0,0,0,0,0,0,0,0,0,0,0,0,0,0,0
UPT-FAING-EPIS/proyecto-si885-2024-i-u1-final-ivancasilla,proyecto,si885-2024-i-u1-final-ivancasilla,0,0,0,0,0,0,0,0,0,0,0,0,0,0,0,0,0,0,0,0,0,0,0
UPT-FAING-EPIS/proyecto-si885-2024-i-u1-final-ReynaldoChambe,proyecto,si885-2024-i-u1-final-ReynaldoChambe,0,0,0,0,0,0,0,0,0,0,0,0,0,0,0,0,0,0,0,0,0,0,0
UPT-FAING-EPIS/proyecto-si885-2024-i-u1-final-LuiguiNina,proyecto,si885-2024-i-u1-final-LuiguiNina,0,0,0,0,0,0,0,0,0,0,0,0,0,0,0,0,0,0,0,0,0,0,0
UPT-FAING-EPIS/proyecto-si885-2024-i-u1-final-AntonyChata,proyecto,si885-2024-i-u1-final-AntonyChata,0,0,0,0,0,0,0,0,0,0,0,0,0,0,0,0,0,0,0,0,0,0,0
UPT-FAING-EPIS/proyecto-si885-2024-i-u1-final-JhonnyARM,proyecto,si885-2024-i-u1-final-JhonnyARM,0,0,0,0,0,0,0,0,0,0,0,0,0,0,0,0,0,0,0,0,0,0,0
UPT-FAING-EPIS/proyecto-si885-2024-i-u1-final-tomasyoel,proyecto,si885-2024-i-u1-final-tomasyoel,0,0,0,0,0,0,0,0,0,0,0,0,0,0,0,0,0,0,0,0,0,0,0
UPT-FAING-EPIS/proyecto-si888-2024-i-u1-final-videojuegos_unity_chino_vela,proyecto,si888-2024-i-u1-final-videojuegos_unity_chino_vela,0,0,0,0,0,0,0,0,0,0,0,0,0,0,0,0,0,0,0,0,0,0,0
UPT-FAING-EPIS/proyecto-si888-2024-i-u1-final-grupo_romero_poma_mamani,proyecto,si888-2024-i-u1-final-grupo_romero_poma_mamani,0,0,0,0,0,0,0,0,0,0,0,0,0,0,0,0,0,0,0,0,0,0,0
UPT-FAING-EPIS/proyecto-si888-2024-i-u1-final-grupo_videojuegos_n3,proyecto,si888-2024-i-u1-final-grupo_videojuegos_n3,0,0,0,0,0,0,0,0,0,0,0,0,0,0,0,0,0,0,0,0,0,0,0
UPT-FAING-EPIS/proyecto-si888-2024-i-u1-final-platform_game_group,proyecto,si888-2024-i-u1-final-platform_game_group,0,0,0,0,0,0,0,0,0,0,0,0,0,0,0,0,0,0,0,0,0,0,0
UPT-FAING-EPIS/proyecto-si888-2024-i-u1-final-unity_pomamanchego_salluca_lostanau,proyecto,si888-2024-i-u1-final-unity_pomamanchego_salluca_lostanau,0,0,0,0,0,0,0,0,0,0,0,0,0,0,0,0,0,0,0,0,0,0,0
UPT-FAING-EPIS/proyecto-si888-2024-i-u1-final-videojuegosunity-jarro-cano,proyecto,si888-2024-i-u1-final-videojuegosunity-jarro-cano,0,0,0,0,0,0,0,0,0,0,0,0,0,0,0,0,0,0,0,0,0,0,0
UPT-FAING-EPIS/proyecto-si885-2024-i-u1-final-anthonycs4,proyecto,si885-2024-i-u1-final-anthonycs4,0,0,0,0,0,0,0,0,0,0,0,0,0,0,0,0,0,0,0,0,0,0,0
UPT-FAING-EPIS/proyecto-si888-2024-i-u1-final-villanueva_neira_condori,proyecto,si888-2024-i-u1-final-villanueva_neira_condori,0,0,0,0,0,0,0,0,0,0,0,0,0,0,0,0,0,0,0,0,0,0,0
UPT-FAING-EPIS/proyecto-si888-2024-i-u1-final-videojuegos_salinas_zevallos_anahua,proyecto,si888-2024-i-u1-final-videojuegos_salinas_zevallos_anahua,0,0,0,0,0,0,0,0,0,0,0,0,0,0,0,0,0,0,0,0,0,0,0
UPT-FAING-EPIS/proyecto-si685-2024-i-u2-grupo01,proyecto,si685-2024-i-u2-grupo01,0,0,0,0,0,0,0,0,0,0,0,0,0,0,0,0,0,0,0,0,0,0,0
UPT-FAING-EPIS/si888_2024_i-proyecto_si888_2024_i_u3-proyecto-formatos-01,si888_2024_i,proyecto_si888_2024_i_u3-proyecto-formatos-01,0,0,0,0,0,0,0,0,0,0,0,0,0,0,0,0,0,0,0,0,0,0,0
UPT-FAING-EPIS/proyecto-si685-2024-i-u2-grupo02,proyecto,si685-2024-i-u2-grupo02,0,0,0,0,0,0,0,0,0,0,0,0,0,0,0,0,0,0,0,0,0,0,0
UPT-FAING-EPIS/proyecto-si685-2024-i-u2-grupo03,proyecto,si685-2024-i-u2-grupo03,0,0,0,0,0,0,0,0,0,0,0,0,0,0,0,0,0,0,0,0,0,0,0
UPT-FAING-EPIS/proyecto-si885-2024-i-u2-chata_condori_nina_chambe_casilla,proyecto,si885-2024-i-u2-chata_condori_nina_chambe_casilla,0,0,0,0,0,0,0,0,0,0,0,0,0,0,0,0,0,0,0,0,0,0,0
UPT-FAING-EPIS/proyecto-si885-2024-i-u2-paco_ccalli_zevallos_salinas_anahua,proyecto,si885-2024-i-u2-paco_ccalli_zevallos_salinas_anahua,1,0,0,0,0,0,0,0,0,0,0,0,0,0,0,0,0,0,0,0,0,0,0
UPT-FAING-EPIS/proyecto-si885-2024-i-u2-chambilla_jarro_cano_valverde_rivera,proyecto,si885-2024-i-u2-chambilla_jarro_cano_valverde_rivera,1,0,0,0,0,0,0,0,0,0,0,0,0,0,0,0,0,0,0,0,0,0,0
UPT-FAING-EPIS/proyecto-si885-2024-i-u2-llantay_maltrain_mamani_ticahuanca,proyecto,si885-2024-i-u2-llantay_maltrain_mamani_ticahuanca,0,0,0,0,0,0,0,0,0,0,0,0,0,0,0,0,0,0,0,0,0,0,0
UPT-FAING-EPIS/proyecto-si784-2024-i-u2-svm_apaza_paco_lupaca_escobar,proyecto,si784-2024-i-u2-svm_apaza_paco_lupaca_escobar,0,0,0,0,0,0,0,0,0,0,0,0,1,0,0,0,0,0,0,0,1,0,0
UPT-FAING-EPIS/proyecto-si784-2024-i-u2-saemcc_apaza_cutipa_churacutipa_huallpa,proyecto,si784-2024-i-u2-saemcc_apaza_cutipa_churacutipa_huallpa,0,0,0,0,1,0,0,0,0,0,0,0,0,0,0,0,0,0,0,0,0,0,0
UPT-FAING-EPIS/proyecto-si784-2024-i-u2-tgu2_briceno_lopez_cuadros_castaneda,proyecto,si784-2024-i-u2-tgu2_briceno_lopez_cuadros_castaneda,0,0,0,0,0,0,0,0,0,0,0,0,1,0,0,0,0,0,0,0,1,0,0
UPT-FAING-EPIS/proyecto-si685-2024-i-u3-proyecto_pdf_u3_grupo_3,proyecto,si685-2024-i-u3-proyecto_pdf_u3_grupo_3,0,0,0,0,1,0,0,0,0,0,0,0,0,0,0,0,0,0,0,0,0,0,0
UPT-FAING-EPIS/proyecto-si784-2024-i-u3-pysustainpartners,proyecto,si784-2024-i-u3-pysustainpartners,0,0,0,0,0,0,0,0,0,0,1,0,0,0,0,0,0,0,0,0,0,0,0
UPT-FAING-EPIS/proyecto-si685-2024-i-u3-proyecto_urls_u3_grupo_2,proyecto,si685-2024-i-u3-proyecto_urls_u3_grupo_2,0,1,0,0,1,0,0,0,0,0,0,0,0,0,0,0,0,0,0,0,0,0,0
UPT-FAING-EPIS/proyecto-si784-2024-i-u2-tgu2_melendez_paja_hurtado,proyecto,si784-2024-i-u2-tgu2_melendez_paja_hurtado,0,0,0,0,0,0,0,0,0,0,0,0,0,0,0,0,0,0,0,0,0,0,0
UPT-FAING-EPIS/proyecto-si888-2024-i-u3-zombiewardefender,proyecto,si888-2024-i-u3-zombiewardefender,0,0,0,0,0,0,0,0,0,0,0,0,0,0,0,0,0,0,0,0,0,0,0
UPT-FAING-EPIS/proyecto-si888-2024-i-u3-math-battle-rooms,proyecto,si888-2024-i-u3-math-battle-rooms,0,0,0,0,0,0,0,0,0,0,0,0,0,0,0,0,0,0,0,0,0,0,0
UPT-FAING-EPIS/proyecto-si784-2024-i-u3-pybloodbank,proyecto,si784-2024-i-u3-pybloodbank,0,0,0,0,0,0,0,0,0,0,0,0,0,0,0,0,0,0,0,0,0,1,0
UPT-FAING-EPIS/proyecto-si885-2024-i-u3-salinas_anahua_zevallos_paco_ccalli,proyecto,si885-2024-i-u3-salinas_anahua_zevallos_paco_ccalli,1,0,0,0,0,0,0,0,0,0,0,0,0,0,0,0,0,0,0,0,0,0,0
UPT-FAING-EPIS/proyecto-si885-2024-i-u3-nina_chambe_casilla_condori_chata,proyecto,si885-2024-i-u3-nina_chambe_casilla_condori_chata,1,0,0,0,0,0,0,0,0,0,0,0,0,0,0,0,0,0,0,0,0,0,0
UPT-FAING-EPIS/proyecto-si784-2024-i-u3-pysalesperson,proyecto,si784-2024-i-u3-pysalesperson,0,0,0,0,0,0,0,1,0,0,0,0,1,0,0,0,0,0,0,0,1,0,0
UPT-FAING-EPIS/proyecto-si885-2024-i-u3-chambilla_cano_jarro_rivera_valverde,proyecto,si885-2024-i-u3-chambilla_cano_jarro_rivera_valverde,0,0,0,0,0,0,0,0,0,0,0,0,0,0,0,0,0,0,0,0,0,0,0
UPT-FAING-EPIS/proyecto-si784-2024-i-u3-pysistemamaquinariassosa,proyecto,si784-2024-i-u3-pysistemamaquinariassosa,0,0,0,0,1,0,0,0,0,0,0,0,1,0,0,0,0,0,0,0,0,0,0
UPT-FAING-EPIS/proyecto-si888-2024-i-u3-renatitobot,proyecto,si888-2024-i-u3-renatitobot,0,0,0,0,0,0,0,0,0,0,0,0,0,0,0,0,0,0,0,0,0,0,0
UPT-FAING-EPIS/proyecto-si888-2024-i-u3-truckmonster_jarro-cano-valverde-rivera,proyecto,si888-2024-i-u3-truckmonster_jarro-cano-valverde-rivera,0,0,0,0,0,0,0,0,0,0,0,0,0,0,0,0,0,0,0,0,0,0,0
UPT-FAING-EPIS/proyecto-si885-2024-i-u3-maltrain_llantay_mamani_ticahuanca,proyecto,si885-2024-i-u3-maltrain_llantay_mamani_ticahuanca,0,0,0,0,0,0,0,0,0,0,0,0,0,0,0,0,0,0,0,0,0,0,0
UPT-FAING-EPIS/proyecto-si888-2024-i-u3-camino_de_desafios_rv,proyecto,si888-2024-i-u3-camino_de_desafios_rv,0,0,0,0,0,0,0,0,0,0,0,0,0,0,0,0,0,0,0,0,0,0,0
UPT-FAING-EPIS/proyecto-si885-2024-i-u2-chavez_arce_lira_cutipa_soto,proyecto,si885-2024-i-u2-chavez_arce_lira_cutipa_soto,0,0,0,0,0,0,0,0,0,0,0,0,0,0,0,0,0,0,0,0,0,0,0
UPT-FAING-EPIS/proyecto-si885-2024-i-u1-final-FabianChavezLinares,proyecto,si885-2024-i-u1-final-FabianChavezLinares,0,0,0,0,0,0,0,0,0,0,0,0,0,0,0,0,0,0,0,0,0,0,0
UPT-FAING-EPIS/proyecto-si888-2024-i-u3-pinballmath-corrales_arenas_lizarraga,proyecto,si888-2024-i-u3-pinballmath-corrales_arenas_lizarraga,0,0,0,0,0,0,0,0,0,0,0,0,0,0,0,0,0,0,0,0,0,0,0
UPT-FAING-EPIS/proyecto-si888-2024-i-u3-parkout-astroneer-1,proyecto,si888-2024-i-u3-parkout-astroneer-1,0,0,0,0,0,0,0,0,0,0,0,0,0,0,0,0,0,0,0,0,0,0,0
UPT-FAING-EPIS/proyecto-si888-2024-i-u3-parkour_jumpquest_eduventure,proyecto,si888-2024-i-u3-parkour_jumpquest_eduventure,0,0,0,0,0,0,0,0,0,0,0,0,0,0,0,0,0,0,0,0,0,0,0
UPT-FAING-EPIS/proyecto-si888-2024-i-u3-tribiaproyecto_mamani_chino,proyecto,si888-2024-i-u3-tribiaproyecto_mamani_chino,0,0,0,0,0,0,0,0,0,0,0,0,0,0,0,0,0,0,0,0,0,0,0
UPT-FAING-EPIS/proyecto-si685-2024-i-u3-proyecto_urls_u3_grupo_1,proyecto,si685-2024-i-u3-proyecto_urls_u3_grupo_1,0,0,0,0,1,0,0,0,0,0,0,0,0,0,0,0,0,0,0,0,0,0,0
UPT-FAING-EPIS/proyecto-si784-2024-i-u3-pysistemaalquilerdevehiculos,proyecto,si784-2024-i-u3-pysistemaalquilerdevehiculos,0,0,0,0,0,0,0,1,0,0,0,0,1,0,0,0,0,0,0,0,1,0,0
UPT-FAING-EPIS/proyecto-si885-2024-i-u3-lira_soto_cutipa_c_a,proyecto,si885-2024-i-u3-lira_soto_cutipa_c_a,0,0,0,0,0,0,0,0,0,0,0,0,0,0,0,0,0,0,0,0,0,0,0
UPT-FAING-EPIS/si885_2024-ii-proyecto_si885_2024_i_u1_final-proyecto-formatos-01,si885_2024,ii-proyecto_si885_2024_i_u1_final-proyecto-formatos-01,0,0,0,0,0,0,0,0,0,0,0,0,0,0,0,0,0,0,0,0,0,0,0
UPT-FAING-EPIS/si885_2024-ii-proyecto_si885_2024-ii_u1-proyecto-formatos-01,si885_2024,ii-proyecto_si885_2024-ii_u1-proyecto-formatos-01,0,0,0,0,0,0,0,0,0,0,0,0,0,0,0,0,0,0,0,0,0,0,0
UPT-FAING-EPIS/proyecto-formatos-02,proyecto,formatos-02,0,0,0,0,0,0,0,0,0,0,0,0,0,0,0,0,0,0,0,0,0,0,0
UPT-FAING-EPIS/si784_2024-ii-proyecto_si784_2024_ii_u1-proyecto-formatos-02,si784_2024,ii-proyecto_si784_2024_ii_u1-proyecto-formatos-02,0,0,0,0,0,0,0,0,0,0,0,0,0,0,0,0,0,0,0,0,0,0,0
UPT-FAING-EPIS/proyecto-si885-2024-ii-u1-tgu01lopezbricenocuadrosmelendezhurtado,proyecto,si885-2024-ii-u1-tgu01lopezbricenocuadrosmelendezhurtado,0,0,0,0,0,0,0,0,0,0,0,0,0,0,0,0,0,0,0,0,0,0,0
UPT-FAING-EPIS/proyecto-si885-2024-ii-u1-tg01ximenajorgejesusivanalvaro,proyecto,si885-2024-ii-u1-tg01ximenajorgejesusivanalvaro,0,0,0,0,0,0,0,0,0,0,0,0,0,0,0,0,0,0,0,0,0,0,0
UPT-FAING-EPIS/proyecto-si885-2024-ii-u1-tgu3apaaz,proyecto,si885-2024-ii-u1-tgu3apaaz,0,0,0,0,0,0,0,0,0,0,0,0,0,0,0,0,0,0,0,0,0,0,0
UPT-FAING-EPIS/proyecto-si885-2024-ii-u1-tg01apazachuracutcutiescohuallpa,proyecto,si885-2024-ii-u1-tg01apazachuracutcutiescohuallpa,0,0,0,0,0,0,0,0,0,0,0,0,1,0,0,0,0,0,0,0,0,0,0
UPT-FAING-EPIS/proyecto-si885-2024-ii-u1-tgu01lunaquispemamanihernandezmeza,proyecto,si885-2024-ii-u1-tgu01lunaquispemamanihernandezmeza,0,1,0,0,0,0,0,0,0,0,0,0,0,0,0,0,0,0,0,0,0,0,0
UPT-FAING-EPIS/proyecto-si8811a-2024-ii-u1-pruebas-cano-valverde,proyecto,si8811a-2024-ii-u1-pruebas-cano-valverde,0,0,0,0,0,0,0,0,0,0,0,0,0,0,0,0,1,0,0,0,0,0,0
UPT-FAING-EPIS/proyecto-si8811a-2024-ii-u1-desarrollo-api-back,proyecto,si8811a-2024-ii-u1-desarrollo-api-back,1,0,0,1,0,0,0,0,0,0,0,1,0,0,0,0,0,0,0,1,0,0,0
UPT-FAING-EPIS/proyecto-si8811a-2024-ii-u1-desarrollo-web,proyecto,si8811a-2024-ii-u1-desarrollo-web,0,0,0,0,0,0,0,0,0,0,0,0,0,0,0,0,0,0,0,0,0,0,0
UPT-FAING-EPIS/proyecto-si8811a-2024-ii-u1-pruebas-2-rivera-lupaca,proyecto,si8811a-2024-ii-u1-pruebas-2-rivera-lupaca,0,0,0,0,0,0,0,0,0,0,0,0,0,0,0,0,1,0,0,0,0,0,0
UPT-FAING-EPIS/proyecto-si8811a-2024-ii-u1-apis-y-funciones-jarro-y-valle,proyecto,si8811a-2024-ii-u1-apis-y-funciones-jarro-y-valle,0,0,0,1,0,0,0,1,0,0,0,1,0,0,0,0,0,0,0,0,0,0,0
UPT-FAING-EPIS/proyecto-si8811a-2024-ii-u1-automatizado-huallpa_apaza,proyecto,si8811a-2024-ii-u1-automatizado-huallpa_apaza,0,0,0,1,0,0,0,1,0,0,0,0,0,0,0,0,0,0,0,0,0,0,0
UPT-FAING-EPIS/proyecto-si8811a-2024-ii-u1-api-y-funciones-zevallos-y-anahua,proyecto,si8811a-2024-ii-u1-api-y-funciones-zevallos-y-anahua,0,0,0,1,0,0,0,0,0,0,0,0,0,0,0,0,1,0,0,0,0,0,0
UPT-FAING-EPIS/proyecto-si885-2024-ii-u1-tg05chavezcutipaliraarce,proyecto,si885-2024-ii-u1-tg05chavezcutipaliraarce,0,0,0,0,0,0,0,0,0,0,0,0,0,0,0,0,0,0,0,0,0,0,0
UPT-FAING-EPIS/proyecto-si784-2024-ii-u1-hernandez_paja_contreras,proyecto,si784-2024-ii-u1-hernandez_paja_contreras,0,0,0,0,0,0,0,0,0,0,0,0,0,0,0,0,0,0,0,0,0,0,0
UPT-FAING-EPIS/proyecto-si784-2024-ii-u1-ayma_poma_tapia,proyecto,si784-2024-ii-u1-ayma_poma_tapia,0,0,0,0,0,0,0,0,0,0,0,0,1,0,0,0,0,0,0,0,0,0,0
UPT-FAING-EPIS/proyecto-si784-2024-ii-u1-FloresR_Salinas_ticahuanca,proyecto,si784-2024-ii-u1-FloresR_Salinas_ticahuanca,0,0,0,0,1,0,0,1,0,0,0,0,1,0,0,0,0,0,0,0,1,0,0
UPT-FAING-EPIS/proyecto-si784-2024-ii-u1-chambi_floresq_leyva,proyecto,si784-2024-ii-u1-chambi_floresq_leyva,0,0,0,0,0,0,0,0,0,0,0,0,0,0,0,0,0,0,0,0,0,0,0
UPT-FAING-EPIS/proyecto-si784-2024-ii-u1-aguilar_caxi_chata,proyecto,si784-2024-ii-u1-aguilar_caxi_chata,0,0,0,0,0,0,0,0,0,0,0,0,0,0,0,0,0,0,0,0,1,0,0
UPT-FAING-EPIS/proyecto-si8811a-2024-ii-u1-apis-y-funciones-meza-y-churacutipa,proyecto,si8811a-2024-ii-u1-apis-y-funciones-meza-y-churacutipa,0,1,0,1,0,0,1,0,0,0,0,1,0,0,0,0,1,0,0,0,0,0,0
UPT-FAING-EPIS/proyecto-si8811a-2024-ii-u1-disenio-castaneda-escobar,proyecto,si8811a-2024-ii-u1-disenio-castaneda-escobar,0,0,0,0,0,0,0,0,0,0,0,0,0,0,0,0,0,0,0,0,0,0,0
UPT-FAING-EPIS/proyecto-si8811a-2024-ii-u1-documentacion,proyecto,si8811a-2024-ii-u1-documentacion,0,1,0,1,0,0,0,0,0,0,0,1,0,0,0,0,0,0,0,1,0,0,0
UPT-FAING-EPIS/proyecto-si8811a-2024-ii-u1-desarrollomovil_corrales_viveros,proyecto,si8811a-2024-ii-u1-desarrollomovil_corrales_viveros,1,0,0,0,0,0,0,0,1,0,0,1,0,0,1,0,0,0,1,0,0,0,0
UPT-FAING-EPIS/proyecto-si784-2024-ii-u1-pyfanpage,proyecto,si784-2024-ii-u1-pyfanpage,0,0,0,0,0,0,0,0,0,0,0,0,0,0,0,0,0,0,0,0,0,0,0
UPT-FAING-EPIS/proyecto-si8811b-2024-ii-u1-documentacion-pruebas-chavez-soto,proyecto,si8811b-2024-ii-u1-documentacion-pruebas-chavez-soto,0,1,0,1,0,0,0,0,0,0,0,0,0,0,1,0,0,0,0,0,0,0,0
UPT-FAING-EPIS/proyecto-si8811b-2024-ii-u1-infrastructure,proyecto,si8811b-2024-ii-u1-infrastructure,0,1,0,0,0,0,0,0,0,0,0,0,0,0,0,0,0,0,0,0,0,0,0
UPT-FAING-EPIS/proyecto-si8811b-2024-ii-u1-web-hernandez-contreras,proyecto,si8811b-2024-ii-u1-web-hernandez-contreras,0,0,0,0,0,0,0,0,0,0,0,0,0,0,1,1,0,0,0,1,0,0,0
UPT-FAING-EPIS/proyecto-si8811b-2024-ii-u1-FrontEndWeb,proyecto,si8811b-2024-ii-u1-FrontEndWeb,0,0,0,0,0,0,0,0,0,0,0,0,0,0,1,1,0,0,0,1,0,0,0
UPT-FAING-EPIS/proyecto-si8811b-2024-ii-u1-backend-go,proyecto,si8811b-2024-ii-u1-backend-go,0,0,0,0,0,0,0,0,0,0,0,0,0,0,0,0,0,0,0,0,0,0,0
UPT-FAING-EPIS/proyecto-si8811a-2024-ii-u1-web-development,proyecto,si8811a-2024-ii-u1-web-development,0,0,0,1,0,0,0,0,0,0,0,0,0,0,1,1,0,0,0,1,0,0,0
UPT-FAING-EPIS/proyecto-si8811a-2024-ii-u1-pruebas-3-roberto-y-piero,proyecto,si8811a-2024-ii-u1-pruebas-3-roberto-y-piero,0,0,0,0,0,0,0,0,0,0,0,0,0,0,0,0,0,0,0,0,0,0,0
UPT-FAING-EPIS/proyecto-si8811a-2024-ii-u1-disenio,proyecto,si8811a-2024-ii-u1-disenio,0,0,0,0,0,0,0,0,0,0,0,0,0,0,0,0,0,0,0,0,0,0,0
UPT-FAING-EPIS/si8811a_2024-ii-proyecto_si8811a_2024_ii_u2-proyecto-formatos-01,si8811a_2024,ii-proyecto_si8811a_2024_ii_u2-proyecto-formatos-01,0,0,0,0,0,0,0,0,0,0,0,0,0,0,0,0,0,0,0,0,0,0,0
UPT-FAING-EPIS/proyecto-si8811a-2024-ii-u2-qa-pruebas-valverde-cano,proyecto,si8811a-2024-ii-u2-qa-pruebas-valverde-cano,0,0,0,1,0,0,0,0,0,0,0,0,0,0,0,0,1,0,0,1,0,0,0
UPT-FAING-EPIS/si885_2024-ii-proyecto_si885_2024-ii_u2-proyecto-formatos-01,si885_2024,ii-proyecto_si885_2024-ii_u2-proyecto-formatos-01,0,0,0,0,0,0,0,0,0,0,0,0,0,0,0,0,0,0,0,0,0,0,0
UPT-FAING-EPIS/proyecto-si885-2024-ii-u2-tg01apazachuracutcutiescohuallpas,proyecto,si885-2024-ii-u2-tg01apazachuracutcutiescohuallpas,1,0,0,0,0,0,0,0,0,0,0,0,0,0,0,0,0,0,0,0,0,0,0
UPT-FAING-EPIS/si8811b_2024-ii-proyecto_si8811b_2024_ii_u2-proyecto-formatos-01,si8811b_2024,ii-proyecto_si8811b_2024_ii_u2-proyecto-formatos-01,0,0,0,0,0,0,0,0,0,0,0,0,0,0,0,0,0,0,0,0,0,0,0
UPT-FAING-EPIS/proyecto-si885-2024-ii-u2-tg3melenhurtachinolopezbricecuadr,proyecto,si885-2024-ii-u2-tg3melenhurtachinolopezbricecuadr,0,0,0,0,0,0,0,0,0,0,0,0,0,0,0,0,0,0,0,0,0,0,0
UPT-FAING-EPIS/proyecto-si8811b-2024-ii-u2-documentacion-1,proyecto,si8811b-2024-ii-u2-documentacion-1,0,0,0,0,0,1,0,0,0,0,0,0,0,0,0,0,0,0,0,0,0,0,0
UPT-FAING-EPIS/proyecto-si8811a-2024-ii-u2-web_development,proyecto,si8811a-2024-ii-u2-web_development,0,0,0,1,0,0,0,0,0,0,0,0,0,0,1,1,0,0,0,1,0,0,0
UPT-FAING-EPIS/proyecto-si8811a-2024-ii-u2-desarrollo-mobile_corrales_viveros,proyecto,si8811a-2024-ii-u2-desarrollo-mobile_corrales_viveros,0,0,0,0,0,0,0,0,0,0,0,0,0,0,0,0,0,0,0,0,0,0,0
UPT-FAING-EPIS/proyecto-si8811a-2024-ii-u2-apis-y-funciones-jarro-y-valle-1,proyecto,si8811a-2024-ii-u2-apis-y-funciones-jarro-y-valle-1,0,0,0,1,1,0,0,1,0,0,0,1,0,0,0,0,0,0,0,0,0,0,0
UPT-FAING-EPIS/proyecto-si885-2024-ii-u2-tg02agredacastanedacontrerasmalagaortiz,proyecto,si885-2024-ii-u2-tg02agredacastanedacontrerasmalagaortiz,0,0,0,0,0,0,0,0,0,0,0,0,0,0,0,0,0,0,0,0,0,0,0
UPT-FAING-EPIS/proyecto-si8811b-2024-ii-u2-infra,proyecto,si8811b-2024-ii-u2-infra,0,0,0,0,0,0,0,0,0,0,0,0,0,0,0,1,0,0,0,1,0,0,0
UPT-FAING-EPIS/proyecto-si885-2024-ii-u2-tg04lunaquispemamanihernandezmeza,proyecto,si885-2024-ii-u2-tg04lunaquispemamanihernandezmeza,0,1,0,0,0,0,0,0,0,0,0,0,0,0,0,0,0,0,0,0,0,0,0
UPT-FAING-EPIS/proyecto-si885-2024-ii-u2-tg05chavezarcelirasoto,proyecto,si885-2024-ii-u2-tg05chavezarcelirasoto,1,0,0,0,0,0,0,1,0,0,0,0,0,0,0,0,0,0,0,0,0,0,0
UPT-FAING-EPIS/proyecto-si8811b-2024-ii-u2-backend_sync,proyecto,si8811b-2024-ii-u2-backend_sync,0,0,0,1,0,0,0,1,0,0,0,1,0,0,1,1,0,0,1,1,1,0,0
UPT-FAING-EPIS/si784_2024-ii-proyecto_si784_2024_ii_u2-proyecto-formatos-02,si784_2024,ii-proyecto_si784_2024_ii_u2-proyecto-formatos-02,0,0,0,0,0,0,0,0,0,0,0,0,0,0,0,0,0,0,0,0,0,0,0
UPT-FAING-EPIS/proyecto-si784-2024-ii-u2-contreras_paja_hernandez,proyecto,si784-2024-ii-u2-contreras_paja_hernandez,0,0,0,0,0,0,0,0,0,0,0,0,0,0,0,0,0,0,0,0,0,0,0
UPT-FAING-EPIS/proyecto-si784-2024-ii-u2-caxi_aguilar_chata,proyecto,si784-2024-ii-u2-caxi_aguilar_chata,0,0,0,0,0,0,0,0,0,0,0,0,0,0,0,1,0,0,0,0,0,0,0
UPT-FAING-EPIS/proyecto-si784-2024-ii-u2-chambi_floresq_floresm_leyva,proyecto,si784-2024-ii-u2-chambi_floresq_floresm_leyva,0,0,0,0,0,0,0,0,0,0,0,0,0,0,0,0,1,0,0,0,1,0,0
UPT-FAING-EPIS/proyecto-si784-2024-ii-u2-floresR_salinas_ticahuanca,proyecto,si784-2024-ii-u2-floresR_salinas_ticahuanca,0,0,0,0,1,0,0,1,0,0,0,0,1,0,0,0,0,0,0,0,1,0,0
UPT-FAING-EPIS/proyecto-si784-2024-ii-u2-ayma_tapia_poma,proyecto,si784-2024-ii-u2-ayma_tapia_poma,0,0,0,0,0,0,0,0,0,0,0,0,1,0,0,0,0,0,0,0,0,0,0
UPT-FAING-EPIS/proyecto-si8811a-2024-ii-u2-qa_pruebas_moviles_rivera_lupaca,proyecto,si8811a-2024-ii-u2-qa_pruebas_moviles_rivera_lupaca,0,0,0,0,0,0,0,0,0,0,0,0,0,0,0,0,0,0,0,0,0,0,0
UPT-FAING-EPIS/proyecto-si784-2024-ii-u2-chambilla_llantay,proyecto,si784-2024-ii-u2-chambilla_llantay,0,0,0,0,1,0,0,0,0,0,0,0,0,0,0,0,0,0,0,0,0,0,0
UPT-FAING-EPIS/proyecto-si8811a-2024-ii-u2-desarrollo_api_back,proyecto,si8811a-2024-ii-u2-desarrollo_api_back,1,0,0,1,0,0,0,0,0,0,0,1,0,0,0,0,0,0,0,1,0,0,0
UPT-FAING-EPIS/proyecto-si8811a-2024-ii-u2-api-y-funciones-anahua,proyecto,si8811a-2024-ii-u2-api-y-funciones-anahua,0,0,0,1,0,0,0,0,0,0,0,0,0,0,0,0,1,0,0,0,0,0,0
UPT-FAING-EPIS/si784_2024-ii-proyecto_si784_2024_ii_u3-proyecto-formatos-02,si784_2024,ii-proyecto_si784_2024_ii_u3-proyecto-formatos-02,0,0,0,0,0,0,0,0,0,0,0,0,0,0,0,0,0,0,0,0,0,0,0
UPT-FAING-EPIS/proyecto-si784-2024-ii-u3-reportes_chambilla_llantay,proyecto,si784-2024-ii-u3-reportes_chambilla_llantay,0,0,0,0,1,0,0,0,0,0,0,0,0,0,0,0,0,0,0,0,0,0,0
UPT-FAING-EPIS/si885_2024-ii-proyecto_si885_2024-ii_u3-proyecto-formatos-01,si885_2024,ii-proyecto_si885_2024-ii_u3-proyecto-formatos-01,0,0,0,0,0,0,0,0,0,0,0,0,0,0,0,0,0,0,0,0,0,0,0
UPT-FAING-EPIS/proyecto-si8811a-2024-ii-u2-api-y-funciones-meza-y-castaneda,proyecto,si8811a-2024-ii-u2-api-y-funciones-meza-y-castaneda,0,1,0,1,0,0,1,0,0,0,0,1,0,0,0,0,1,0,0,0,0,0,0
UPT-FAING-EPIS/proyecto-si885-2024-ii-u3-tg03agredacastanedacontrerasortiz,proyecto,si885-2024-ii-u3-tg03agredacastanedacontrerasortiz,0,1,0,0,0,0,0,0,0,0,0,0,0,0,0,0,0,0,0,0,0,0,0
UPT-FAING-EPIS/proyecto-si885-2024-ii-u3-tg01apazachuracutcutiescohuallpass,proyecto,si885-2024-ii-u3-tg01apazachuracutcutiescohuallpass,1,0,0,0,0,0,0,0,0,0,0,0,0,0,0,0,0,0,0,0,0,0,0
UPT-FAING-EPIS/proyecto-si784-2024-ii-u3-caxi_aguilar,proyecto,si784-2024-ii-u3-caxi_aguilar,0,0,0,0,0,0,0,0,0,0,0,0,0,0,0,1,0,0,0,0,0,0,0
UPT-FAING-EPIS/proyecto-si8811a-2024-ii-u2-documentacion-lizarraga_arenas,proyecto,si8811a-2024-ii-u2-documentacion-lizarraga_arenas,0,0,0,0,0,0,0,0,0,0,0,0,0,0,0,0,0,0,0,0,0,0,0
UPT-FAING-EPIS/proyecto-si885-2024-ii-u3-tgchavezarcelirasoto,proyecto,si885-2024-ii-u3-tgchavezarcelirasoto,1,0,0,0,0,0,0,1,0,0,0,0,0,0,0,0,0,0,0,0,0,0,0
UPT-FAING-EPIS/proyecto-si784-2024-ii-u3-floresramos_s_t,proyecto,si784-2024-ii-u3-floresramos_s_t,0,0,0,0,1,0,0,1,0,0,0,0,1,0,0,0,0,0,0,0,1,0,0
UPT-FAING-EPIS/proyecto-si885-2024-ii-u3-tg4melenhurtachinolopezbricecuadr,proyecto,si885-2024-ii-u3-tg4melenhurtachinolopezbricecuadr,0,0,0,0,0,0,0,0,0,0,0,0,0,0,0,0,0,0,0,0,0,0,0
UPT-FAING-EPIS/proyecto-si784-2024-ii-u3-tapia_ayma_poma,proyecto,si784-2024-ii-u3-tapia_ayma_poma,0,0,0,0,0,0,0,0,0,0,0,0,1,0,0,0,0,0,0,0,0,0,0
UPT-FAING-EPIS/proyecto-si784-2024-ii-u3-floresq_leyva_chambi,proyecto,si784-2024-ii-u3-floresq_leyva_chambi,0,0,0,0,0,0,0,0,0,0,0,0,0,0,0,0,1,0,0,0,1,0,0
UPT-FAING-EPIS/proyecto-si784-2024-ii-u3-hernandez_contreras_paja,proyecto,si784-2024-ii-u3-hernandez_contreras_paja,0,0,0,0,0,0,0,0,0,0,0,0,0,0,0,0,0,0,0,0,0,0,0
UPT-FAING-EPIS/proyecto-si885-2024-ii-u3-tgmezaquispelunamamanihernandez,proyecto,si885-2024-ii-u3-tgmezaquispelunamamanihernandez,0,0,0,0,0,0,0,0,0,0,0,0,0,0,0,0,0,0,0,0,0,0,0
UPT-FAING-EPIS/proyecto-si8811b-2024-ii-u2-codigo-apk,proyecto,si8811b-2024-ii-u2-codigo-apk,0,0,0,0,0,0,0,0,0,0,0,0,0,0,0,0,0,0,0,0,0,0,0
UPT-FAING-EPIS/proyecto-si8811b-2024-ii-u2-frontendweb,proyecto,si8811b-2024-ii-u2-frontendweb,0,0,0,0,0,0,0,0,0,0,0,0,0,0,0,0,0,0,0,0,0,0,0
UPT-FAING-EPIS/si982_2024-rec-proyecto_si982_2024-rec-u1-proyecto-formatos-01,si982_2024,rec-proyecto_si982_2024-rec-u1-proyecto-formatos-01,0,0,0,0,0,0,0,0,0,0,0,0,0,0,0,0,0,0,0,0,0,0,0
UPT-FAING-EPIS/proyecto-si982-2024-rec-u1-llantay_soto,proyecto,si982-2024-rec-u1-llantay_soto,0,0,0,0,0,0,0,0,0,0,0,0,0,0,0,0,0,0,0,0,0,0,0
UPT-FAING-EPIS/proyecto-si982-2024-rec-u1-valverde-lizarraga,proyecto,si982-2024-rec-u1-valverde-lizarraga,0,0,0,0,0,0,0,0,0,0,0,0,0,0,0,0,0,0,0,0,0,0,0
UPT-FAING-EPIS/proyecto-si982-2024-rec-u1-salinas-condori,proyecto,si982-2024-rec-u1-salinas-condori,0,0,0,0,0,0,0,0,0,0,0,0,0,0,0,0,0,0,0,0,0,0,0
UPT-FAING-EPIS/proyecto-si982-2024-rec-u1-delacruz_vela,proyecto,si982-2024-rec-u1-delacruz_vela,0,0,0,0,0,0,0,0,0,0,0,0,0,0,0,0,0,0,0,0,0,0,0
UPT-FAING-EPIS/proyecto-si982-2024-rec-u1-ccalli_apaza,proyecto,si982-2024-rec-u1-ccalli_apaza,0,0,0,0,0,0,0,0,0,0,0,0,0,0,0,0,0,0,0,0,0,0,0
UPT-FAING-EPIS/proyecto-si982-2024-rec-u1-medina_zevallos,proyecto,si982-2024-rec-u1-medina_zevallos,0,0,0,0,0,0,0,0,0,0,0,0,0,0,0,0,0,0,0,0,0,0,0
UPT-FAING-EPIS/proyecto-si982-2024-rec-u1-gonzalez,proyecto,si982-2024-rec-u1-gonzalez,0,0,0,0,0,0,0,0,0,0,0,0,0,0,0,0,0,0,0,0,0,0,0
UPT-FAING-EPIS/proyecto-si982-2024-rec-u1-concha-ticahuanca,proyecto,si982-2024-rec-u1-concha-ticahuanca,0,0,0,0,0,0,0,0,0,0,0,0,0,0,0,0,0,0,0,0,0,0,0
UPT-FAING-EPIS/proyecto-si982-2024-rec-u1-cuadros,proyecto,si982-2024-rec-u1-cuadros,0,0,0,0,0,0,0,0,0,0,0,0,0,0,0,0,0,0,0,0,0,0,0
UPT-FAING-EPIS/si982_2024-rec-proyecto_si982_2024-rec-u2-proyecto-formatos-01,si982_2024,rec-proyecto_si982_2024-rec-u2-proyecto-formatos-01,0,0,0,0,0,0,0,0,0,0,0,0,0,0,0,0,0,0,0,0,0,0,0
UPT-FAING-EPIS/proyecto-si982-2024-rec-u2-proyectou2_web2_ccalli_apaza,proyecto,si982-2024-rec-u2-proyectou2_web2_ccalli_apaza,0,0,0,0,1,0,0,0,0,0,0,0,0,0,0,0,0,0,0,0,0,1,0
UPT-FAING-EPIS/proyecto-si982-2024-rec-u2-proyecto_w2u2_salinas_condori,proyecto,si982-2024-rec-u2-proyecto_w2u2_salinas_condori,0,1,0,0,1,0,0,0,0,0,0,0,0,0,0,0,0,0,0,0,0,1,0
UPT-FAING-EPIS/proyecto-si982-2024-rec-u1-tropa-del-infierno,proyecto,si982-2024-rec-u1-tropa-del-infierno,0,0,0,0,0,0,0,0,0,0,0,0,0,0,0,0,0,0,0,0,0,0,0
UPT-FAING-EPIS/proyecto-si982-2024-rec-u2-proyectowebu2_soto_llantay,proyecto,si982-2024-rec-u2-proyectowebu2_soto_llantay,0,0,0,0,0,0,0,0,0,0,0,0,0,0,0,0,0,0,0,0,0,0,0
UPT-FAING-EPIS/si982_2024-rec-proyecto_si982_2024-rec-u3-proyecto-formatos-01,si982_2024,rec-proyecto_si982_2024-rec-u3-proyecto-formatos-01,0,0,0,0,0,0,0,0,0,0,0,0,0,0,0,0,0,0,0,0,0,0,0
UPT-FAING-EPIS/proyecto-si982-2024-rec-u2-conchaticahuanca,proyecto,si982-2024-rec-u2-conchaticahuanca,0,0,0,0,0,0,0,0,0,0,0,0,0,0,0,0,0,0,0,0,0,0,0
UPT-FAING-EPIS/proyecto-si982-2024-rec-u2-proyectoweb2u2_vela_delacruz,proyecto,si982-2024-rec-u2-proyectoweb2u2_vela_delacruz,0,0,0,0,0,0,0,0,0,0,0,0,0,0,0,0,0,0,0,0,0,0,0
UPT-FAING-EPIS/proyecto-si982-2024-rec-u2-proyectowebii-valverde-lizarraga,proyecto,si982-2024-rec-u2-proyectowebii-valverde-lizarraga,0,0,0,0,0,0,0,0,0,0,0,0,0,0,0,0,0,0,0,0,0,0,0
UPT-FAING-EPIS/proyecto-si982-2024-rec-u2-proyectou2_web2_medina_zevallos,proyecto,si982-2024-rec-u2-proyectou2_web2_medina_zevallos,0,0,0,0,0,0,0,0,0,0,0,0,0,0,0,0,0,0,0,0,0,0,0
UPT-FAING-EPIS/proyecto-si982-2024-rec-u3-sistemaveterinaria_ccalli_apaza_web2,proyecto,si982-2024-rec-u3-sistemaveterinaria_ccalli_apaza_web2,0,0,0,0,1,0,0,0,0,0,0,0,0,0,0,0,0,0,0,0,0,1,0
UPT-FAING-EPIS/proyecto-si982-2024-rec-u3-gestiondocentes_delacruz_vela_web2,proyecto,si982-2024-rec-u3-gestiondocentes_delacruz_vela_web2,0,0,0,0,1,0,0,0,0,0,0,0,0,0,0,0,0,0,0,0,0,1,0
UPT-FAING-EPIS/proyecto-si982-2024-rec-u3-sistemaloppify,proyecto,si982-2024-rec-u3-sistemaloppify,0,1,0,0,1,0,0,0,0,0,0,0,0,0,0,0,0,0,0,0,0,1,0
UPT-FAING-EPIS/proyecto-si982-2024-rec-u3-reservas-aula-labs-valverde-lizarraga,proyecto,si982-2024-rec-u3-reservas-aula-labs-valverde-lizarraga,0,0,0,0,0,0,0,0,0,0,0,0,0,0,0,0,0,0,0,0,0,0,0
UPT-FAING-EPIS/proyecto-si982-2024-rec-u3-concha-ticahuancau3,proyecto,si982-2024-rec-u3-concha-ticahuancau3,0,0,0,0,0,0,0,0,0,0,0,0,0,0,0,0,0,0,0,0,0,0,0
UPT-FAING-EPIS/proyecto-si982-2024-rec-u3-gonzalez-u3,proyecto,si982-2024-rec-u3-gonzalez-u3,0,0,0,0,1,0,0,0,0,0,0,0,0,0,0,0,0,0,0,0,0,0,0
UPT-FAING-EPIS/proyecto-si982-2024-rec-u3-proyectou3_web2_medina_zevallos,proyecto,si982-2024-rec-u3-proyectou3_web2_medina_zevallos,0,0,0,0,0,0,0,0,0,0,0,0,0,0,0,0,0,0,0,0,0,0,0
UPT-FAING-EPIS/proyecto-si982-2024-rec-u3-bolsa_trabajo_soto_llantay,proyecto,si982-2024-rec-u3-bolsa_trabajo_soto_llantay,0,0,0,0,1,0,0,0,0,0,0,0,0,0,0,0,0,0,0,0,0,0,0
UPT-FAING-EPIS/si885_2025-i-proyecto_si885_2025-i-u1-proyecto-formatos-01,si885_2025,i-proyecto_si885_2025-i-u1-proyecto-formatos-01,0,0,0,0,0,0,0,0,0,0,0,0,0,0,0,0,0,0,0,0,0,0,0
UPT-FAING-EPIS/si889_2025-i-proyecto_si889_2025-i-u1-proyecto-formatos-01,si889_2025,i-proyecto_si889_2025-i-u1-proyecto-formatos-01,0,0,0,0,0,0,0,0,0,0,0,0,0,0,0,0,0,0,0,0,0,0,0
UPT-FAING-EPIS/proyecto-si889-2025-i-u1-floresq_chambi_leyva,proyecto,si889-2025-i-u1-floresq_chambi_leyva,0,1,0,0,0,0,0,0,0,0,0,0,0,0,0,0,1,0,0,0,0,1,0
UPT-FAING-EPIS/si784_2025-i-proyecto_si784_2025-i-u1-proyecto-formatos-01,si784_2025,i-proyecto_si784_2025-i-u1-proyecto-formatos-01,0,0,0,0,0,0,0,0,0,0,0,0,0,0,0,0,0,0,0,0,0,0,0
UPT-FAING-EPIS/proyecto-si784-2025-i-u1-scae-upt,proyecto,si784-2025-i-u1-scae-upt,0,0,0,0,0,0,0,0,0,0,0,0,0,0,0,0,0,0,0,0,0,0,0
UPT-FAING-EPIS/proyecto-si784-2025-i-u1-aas,proyecto,si784-2025-i-u1-aas,0,0,0,0,0,0,0,0,0,0,0,0,1,0,0,0,0,0,0,0,0,0,0
UPT-FAING-EPIS/proyecto-si784-2025-i-u1-fitmatch,proyecto,si784-2025-i-u1-fitmatch,0,0,0,0,0,0,0,0,0,0,0,0,1,0,0,0,0,1,0,0,0,0,0
UPT-FAING-EPIS/proyecto-si784-2025-i-u1-sipre,proyecto,si784-2025-i-u1-sipre,0,0,0,0,0,0,0,0,0,0,0,0,0,0,0,0,0,0,0,0,0,0,0
UPT-FAING-EPIS/proyecto-si784-2025-i-u1-va1-upt,proyecto,si784-2025-i-u1-va1-upt,0,0,0,0,0,0,0,0,0,0,0,0,0,0,0,0,0,0,0,0,0,0,0
UPT-FAING-EPIS/proyecto-si784-2025-i-u1-uni-adviser,proyecto,si784-2025-i-u1-uni-adviser,0,0,0,0,0,0,0,0,0,0,0,0,0,0,0,0,0,0,0,0,0,0,0
UPT-FAING-EPIS/proyecto-si885-2025-i-u1-chv_team,proyecto,si885-2025-i-u1-chv_team,0,0,0,0,0,0,0,0,0,0,0,0,0,0,0,0,0,0,0,0,0,0,0
UPT-FAING-EPIS/proyecto-si885-2025-i-u1-tapia_ayma_poma_u1,proyecto,si885-2025-i-u1-tapia_ayma_poma_u1,0,0,0,0,0,0,0,0,0,0,0,0,0,0,0,0,0,0,0,0,0,1,0
UPT-FAING-EPIS/proyecto-si885-2025-i-u1-fm_fr_fv,proyecto,si885-2025-i-u1-fm_fr_fv,0,0,0,0,0,0,0,0,0,0,0,0,0,0,0,0,0,0,0,0,0,0,0
UPT-FAING-EPIS/proyecto-si889-2025-i-u1-ticona_martinez_perez,proyecto,si889-2025-i-u1-ticona_martinez_perez,0,0,0,0,0,0,0,0,0,0,0,0,0,0,1,1,1,0,0,1,1,0,0
UPT-FAING-EPIS/proyecto-si885-2025-i-u1-hernandez_paja,proyecto,si885-2025-i-u1-hernandez_paja,0,0,0,0,0,0,0,0,0,0,0,0,0,0,0,0,0,0,0,0,0,0,0
UPT-FAING-EPIS/proyecto-si889-2025-i-u1-agreda_contreras_ortiz,proyecto,si889-2025-i-u1-agreda_contreras_ortiz,0,1,0,0,0,0,0,1,0,0,0,0,0,0,0,0,0,0,0,0,0,0,0
UPT-FAING-EPIS/proyecto-si889-2025-i-u1-chite_paja,proyecto,si889-2025-i-u1-chite_paja,0,0,0,0,0,0,0,0,0,0,0,0,0,0,0,0,1,0,0,0,0,0,0
UPT-FAING-EPIS/proyecto-si889-2025-i-u1-docucode-ai,proyecto,si889-2025-i-u1-docucode-ai,0,0,0,0,0,0,0,1,0,0,0,0,0,0,0,0,1,0,0,0,0,0,0
UPT-FAING-EPIS/proyecto-si885-2025-i-u1-chambi_flores_leyva,proyecto,si885-2025-i-u1-chambi_flores_leyva,0,0,0,0,0,0,0,0,0,0,0,0,0,0,0,0,0,0,0,0,0,0,0
UPT-FAING-EPIS/proyecto-si885-2025-i-u1-chura_u1,proyecto,si885-2025-i-u1-chura_u1,0,0,0,0,0,0,0,0,0,0,0,0,0,0,0,0,0,0,0,0,0,0,0
UPT-FAING-EPIS/proyecto-si889-2025-i-u1-tapia_poma_ayma,proyecto,si889-2025-i-u1-tapia_poma_ayma,0,0,0,0,0,0,0,0,0,0,0,0,0,0,0,0,0,0,0,0,0,0,0
UPT-FAING-EPIS/proyecto-si889-2025-i-u1-team_fm_fr_fv,proyecto,si889-2025-i-u1-team_fm_fr_fv,0,1,0,0,1,0,0,1,0,0,0,0,0,0,1,1,0,0,0,1,0,1,0
UPT-FAING-EPIS/proyecto-si784-2025-i-u1-syntax-upt,proyecto,si784-2025-i-u1-syntax-upt,0,0,0,0,0,0,0,0,0,0,0,0,0,0,0,0,0,0,0,0,0,0,0
UPT-FAING-EPIS/proyecto-si889-2025-i-u1-proyecto_chambenina_patrones,proyecto,si889-2025-i-u1-proyecto_chambenina_patrones,0,0,0,0,0,1,0,0,0,0,0,0,0,0,0,0,0,0,0,0,0,0,0
UPT-FAING-EPIS/proyecto-si889-2025-i-u1-ccalli_cespedes,proyecto,si889-2025-i-u1-ccalli_cespedes,0,0,0,0,1,0,0,0,0,0,0,0,0,0,0,0,0,0,0,0,0,1,0
UPT-FAING-EPIS/si889_2025-i-proyecto_si889_2025-i-u2-proyecto-formatos-01,si889_2025,i-proyecto_si889_2025-i-u2-proyecto-formatos-01,0,0,0,0,0,0,0,0,0,0,0,0,0,0,0,0,0,0,0,0,0,0,0
UPT-FAING-EPIS/si784_2025-i-proyecto_si784_2025-i-u2-proyecto-formatos-01,si784_2025,i-proyecto_si784_2025-i-u2-proyecto-formatos-01,0,0,0,0,0,0,0,0,0,0,0,0,0,0,0,0,0,0,0,0,0,0,0
UPT-FAING-EPIS/si885_2025-i-proyecto_si885_2025-i-u2-proyecto-formatos-01,si885_2025,i-proyecto_si885_2025-i-u2-proyecto-formatos-01,0,0,0,0,0,0,0,0,0,0,0,0,0,0,0,0,0,0,0,0,0,0,0
UPT-FAING-EPIS/proyecto-si784-2025-i-u2-documentos-ia,proyecto,si784-2025-i-u2-documentos-ia,0,0,0,0,0,0,0,0,0,0,0,0,1,0,0,0,0,0,0,0,0,0,0
UPT-FAING-EPIS/proyecto-si784-2025-i-u2-documentos_datafiller,proyecto,si784-2025-i-u2-documentos_datafiller,0,0,0,0,0,0,0,0,0,0,0,0,0,0,0,0,0,0,0,0,0,0,0
UPT-FAING-EPIS/proyecto-si784-2025-i-u2-markdown2video,proyecto,si784-2025-i-u2-markdown2video,0,0,0,0,0,0,0,0,0,0,0,0,0,0,0,0,0,0,0,0,0,0,0
UPT-FAING-EPIS/proyecto-si784-2025-i-u2-syntax,proyecto,si784-2025-i-u2-syntax,1,0,0,0,0,0,0,0,0,0,0,0,1,0,0,0,0,0,0,0,1,0,0
UPT-FAING-EPIS/proyecto-si784-2025-i-u2-documentsreqfine,proyecto,si784-2025-i-u2-documentsreqfine,0,0,0,0,0,0,0,0,0,0,0,0,0,0,0,0,0,0,0,0,0,0,0
UPT-FAING-EPIS/proyecto-si889-2025-i-u2-pianorise_agreda_contreras_ortiz,proyecto,si889-2025-i-u2-pianorise_agreda_contreras_ortiz,0,1,0,0,0,0,0,1,0,0,0,0,0,0,0,0,0,0,0,0,0,0,0
UPT-FAING-EPIS/proyecto-si889-2025-i-u2-poma_ayma_tapia,proyecto,si889-2025-i-u2-poma_ayma_tapia,0,0,0,0,0,0,0,0,0,0,0,0,0,0,0,0,0,0,0,0,0,0,0
UPT-FAING-EPIS/proyecto-si784-2025-i-u2-scae-upt,proyecto,si784-2025-i-u2-scae-upt,0,1,0,1,1,0,0,1,0,0,0,0,1,0,0,0,0,0,0,0,0,0,0
UPT-FAING-EPIS/proyecto-si889-2025-i-u2-chambe_nina_condori,proyecto,si889-2025-i-u2-chambe_nina_condori,0,0,0,0,0,1,0,0,0,0,0,0,0,0,0,0,0,0,0,0,0,0,0
UPT-FAING-EPIS/proyecto-si889-2025-i-u2-leyva_chambi_floresq,proyecto,si889-2025-i-u2-leyva_chambi_floresq,0,1,0,0,0,0,0,0,0,0,0,0,0,0,0,0,1,0,0,0,0,1,0
UPT-FAING-EPIS/proyecto-si889-2025-i-u2-lupaca_viveros_jarro,proyecto,si889-2025-i-u2-lupaca_viveros_jarro,1,0,0,0,0,0,0,1,0,0,0,0,1,0,0,0,0,0,0,0,1,0,0
UPT-FAING-EPIS/proyecto-si885-2025-i-u2-grupo_fv_fr_fm,proyecto,si885-2025-i-u2-grupo_fv_fr_fm,0,0,0,0,0,0,0,0,0,0,0,0,0,0,0,0,0,0,0,0,0,0,0
UPT-FAING-EPIS/proyecto-si889-2025-i-u2-ticonamartinezperez,proyecto,si889-2025-i-u2-ticonamartinezperez,0,0,0,0,0,0,0,0,0,0,0,0,0,0,1,1,1,0,0,1,1,0,0
UPT-FAING-EPIS/proyecto-si885-2025-i-u2-chambi_floresqf_leyva,proyecto,si885-2025-i-u2-chambi_floresqf_leyva,0,1,0,0,0,0,0,1,0,0,0,0,0,0,0,0,0,0,0,0,0,0,0
UPT-FAING-EPIS/proyecto-si885-2025-i-u2-grupo_bc_ch_rv,proyecto,si885-2025-i-u2-grupo_bc_ch_rv,0,0,0,0,0,0,0,0,0,0,0,0,0,0,0,0,0,0,0,0,0,0,0
UPT-FAING-EPIS/proyecto-si885-2025-i-u2-grupo_ac_pm_tv,proyecto,si885-2025-i-u2-grupo_ac_pm_tv,0,0,0,0,0,0,0,0,0,0,0,0,0,0,0,0,0,0,0,0,0,1,0
UPT-FAING-EPIS/proyecto-si885-2025-i-u2-grupo_hc_pc,proyecto,si885-2025-i-u2-grupo_hc_pc,0,1,0,0,0,0,0,1,0,0,0,0,0,0,0,0,0,0,0,0,0,1,0
UPT-FAING-EPIS/proyecto-si889-2025-i-u2-floresr_floresm_fernandezv,proyecto,si889-2025-i-u2-floresr_floresm_fernandezv,1,0,0,0,0,0,0,1,0,0,0,1,1,0,1,0,0,1,0,1,0,1,0
UPT-FAING-EPIS/proyecto-si784-2025-i-u2-deadline-collision-predictor,proyecto,si784-2025-i-u2-deadline-collision-predictor,0,1,0,0,0,0,0,1,0,0,0,0,1,0,1,1,0,0,0,0,0,0,0
UPT-FAING-EPIS/proyecto-si889-2025-i-u2-scannerweb_ccalli_jarro,proyecto,si889-2025-i-u2-scannerweb_ccalli_jarro,0,0,0,0,0,0,0,0,1,0,0,0,0,0,0,0,0,1,0,1,0,0,0
UPT-FAING-EPIS/si889_2025-i-proyecto_si889_2025-i-u3-proyecto-formatos-01,si889_2025,i-proyecto_si889_2025-i-u3-proyecto-formatos-01,0,0,0,0,0,0,0,0,0,0,0,0,0,0,0,0,0,0,0,0,0,0,0
UPT-FAING-EPIS/proyecto-si889-2025-i-u3-ticona-martinez-perez,proyecto,si889-2025-i-u3-ticona-martinez-perez,0,0,0,0,0,0,0,1,0,0,0,0,0,0,1,1,1,1,0,1,1,0,0
UPT-FAING-EPIS/si784_2025-i-proyecto_si784_2025-i-u3-proyecto-formatos-01,si784_2025,i-proyecto_si784_2025-i-u3-proyecto-formatos-01,0,0,0,0,0,0,0,0,0,0,0,0,0,0,0,0,0,0,0,0,0,0,0
UPT-FAING-EPIS/si885_2025-i-proyecto_si885_2025-i-u3-proyecto-formatos-01,si885_2025,i-proyecto_si885_2025-i-u3-proyecto-formatos-01,0,0,0,0,0,0,0,0,0,0,0,0,0,0,0,0,0,0,0,0,0,0,0
UPT-FAING-EPIS/proyecto-si885-2025-i-u3-ayma_poma_tapiaa,proyecto,si885-2025-i-u3-ayma_poma_tapiaa,0,0,0,0,0,0,0,0,0,0,0,0,0,0,0,0,0,0,0,0,0,1,0
UPT-FAING-EPIS/proyecto-si889-2025-i-u3-agreda-contreras-ortiz,proyecto,si889-2025-i-u3-agreda-contreras-ortiz,0,1,0,0,0,0,0,1,0,0,0,0,0,0,0,0,0,0,0,0,0,0,0
UPT-FAING-EPIS/proyecto-si885-2025-i-u3-floresq_chambi_leyvas,proyecto,si885-2025-i-u3-floresq_chambi_leyvas,0,1,0,0,0,0,0,1,0,0,0,0,0,0,0,0,0,0,0,0,0,0,0
UPT-FAING-EPIS/proyecto-si885-2025-i-u3-fernandez_floresr_floresm,proyecto,si885-2025-i-u3-fernandez_floresr_floresm,0,0,0,0,0,0,0,0,0,0,0,0,0,0,0,0,0,0,0,0,0,0,0
UPT-FAING-EPIS/proyecto-si889-2025-i-u3-ccalli-jarro,proyecto,si889-2025-i-u3-ccalli-jarro,0,0,0,0,0,0,0,0,1,0,0,0,0,0,0,0,0,1,0,1,0,0,0
UPT-FAING-EPIS/proyecto-si889-2025-i-u3-chambe-nina-condori,proyecto,si889-2025-i-u3-chambe-nina-condori,0,0,0,0,0,1,0,0,0,0,0,0,0,0,0,0,0,0,0,0,0,0,0
UPT-FAING-EPIS/proyecto-si889-2025-i-u3-ayma-tapia-vargas,proyecto,si889-2025-i-u3-ayma-tapia-vargas,0,0,0,0,0,0,0,0,0,0,0,0,0,0,0,0,0,0,0,0,0,0,0
UPT-FAING-EPIS/proyecto-si889-2025-i-u3-florer_floresm_fernandezv,proyecto,si889-2025-i-u3-florer_floresm_fernandezv,1,0,0,0,0,0,0,1,0,0,0,1,1,0,1,0,0,1,0,1,0,1,0
UPT-FAING-EPIS/proyecto-si889-2025-i-u3-docucode-ai-1,proyecto,si889-2025-i-u3-docucode-ai-1,1,0,0,0,0,0,0,1,0,0,0,0,1,0,0,0,0,0,0,0,1,0,0
UPT-FAING-EPIS/proyecto-si885-2025-i-u3-chite_hinojosa_villanueva,proyecto,si885-2025-i-u3-chite_hinojosa_villanueva,0,0,0,0,0,0,0,0,0,0,0,0,0,0,0,0,0,0,0,0,0,0,0
UPT-FAING-EPIS/proyecto-si889-2025-i-u3-chite-floresq-leyva-chambi,proyecto,si889-2025-i-u3-chite-floresq-leyva-chambi,0,1,0,0,0,0,0,0,0,0,0,0,0,0,0,0,1,0,0,0,0,1,0
UPT-FAING-EPIS/proyecto-si784-2025-i-u3-scaeupt,proyecto,si784-2025-i-u3-scaeupt,0,1,0,1,1,0,0,1,0,0,0,0,1,0,0,0,1,0,0,0,0,0,0
UPT-FAING-EPIS/proyecto-si784-2025-i-u3-grupo_markdown2video,proyecto,si784-2025-i-u3-grupo_markdown2video,0,0,0,0,0,0,0,0,0,0,0,0,0,0,0,0,0,0,0,0,0,0,0
UPT-FAING-EPIS/proyecto-si784-2025-i-u3-datafiller,proyecto,si784-2025-i-u3-datafiller,0,0,0,0,0,0,0,0,0,0,0,0,0,0,0,0,0,0,0,0,0,0,0
UPT-FAING-EPIS/proyecto-si784-2025-i-u3-docugen-ai,proyecto,si784-2025-i-u3-docugen-ai,0,0,0,0,0,0,0,0,0,0,0,0,0,0,1,1,0,1,0,0,0,0,0
UPT-FAING-EPIS/proyecto-si885-2025-i-u3-paja_hernadnez,proyecto,si885-2025-i-u3-paja_hernadnez,0,1,0,0,0,0,0,1,0,0,0,0,0,0,0,0,0,0,0,0,0,1,0
UPT-FAING-EPIS/proyecto-si784-2025-i-u3-estudiantes-de-syntax,proyecto,si784-2025-i-u3-estudiantes-de-syntax,1,0,0,0,0,0,0,0,0,0,0,0,1,0,0,0,0,0,0,0,1,0,0
UPT-FAING-EPIS/si784_2025-ii-proyecto_si784_2025-ii-u1-proyecto-formatos-01,si784_2025,ii-proyecto_si784_2025-ii-u1-proyecto-formatos-01,0,0,0,0,0,0,0,0,0,0,0,0,0,0,0,0,0,0,0,0,0,0,0
UPT-FAING-EPIS/proyecto-si784-2025-ii-u1-grupo-acc,proyecto,si784-2025-ii-u1-grupo-acc,0,0,0,0,0,0,0,0,0,0,0,0,0,0,0,0,0,0,0,0,0,0,0
UPT-FAING-EPIS/si885_2025-ii-proyecto_si885_2025-ii-u1-proyecto-formatos-01,si885_2025,ii-proyecto_si885_2025-ii-u1-proyecto-formatos-01,0,0,0,0,0,0,0,0,0,0,0,0,0,0,0,0,0,0,0,0,0,0,0
UPT-FAING-EPIS/si889_2025-ii-proyecto_si889_2025-ii-u1-proyecto-formatos-01,si889_2025,ii-proyecto_si889_2025-ii-u1-proyecto-formatos-01,0,0,0,0,0,0,0,0,0,0,0,0,0,0,0,0,0,0,0,0,0,0,0
UPT-FAING-EPIS/proyecto-si889-2025-ii-u1-cabrera_melendez,proyecto,si889-2025-ii-u1-cabrera_melendez,0,0,0,0,0,1,0,1,0,0,0,0,0,0,0,0,0,0,0,0,0,0,0
UPT-FAING-EPIS/proyecto-si885-2025-ii-u1-animalsight-dashboard,proyecto,si885-2025-ii-u1-animalsight-dashboard,0,0,0,0,0,0,0,0,0,0,0,0,0,0,0,0,0,0,0,0,0,0,0
UPT-FAING-EPIS/proyecto-si885-2025-ii-u1-fistdev,proyecto,si885-2025-ii-u1-fistdev,0,0,0,0,0,0,0,0,0,0,0,0,0,0,0,0,0,0,0,0,0,0,0
UPT-FAING-EPIS/proyecto-si784-2025-ii-u1-grupo-_sab_bcc_frlv,proyecto,si784-2025-ii-u1-grupo-_sab_bcc_frlv,0,0,0,0,0,0,0,0,0,0,0,0,0,0,0,0,1,0,0,0,0,0,0
UPT-FAING-EPIS/proyecto-si784-2025-ii-u1-grupo-707,proyecto,si784-2025-ii-u1-grupo-707,0,0,0,0,0,0,0,0,0,0,0,0,0,0,0,0,0,0,0,0,0,0,0
UPT-FAING-EPIS/proyecto-si784-2025-ii-u1-grupo-vh_,proyecto,si784-2025-ii-u1-grupo-vh_,0,0,0,0,0,0,0,0,0,0,0,0,0,0,0,0,0,0,0,0,0,0,0
UPT-FAING-EPIS/proyecto-si784-2025-ii-u1-grupo-njr,proyecto,si784-2025-ii-u1-grupo-njr,0,0,0,0,0,0,0,0,0,0,1,0,0,0,0,0,0,0,0,0,0,0,0
UPT-FAING-EPIS/proyecto-si784-2025-ii-u1-devsters,proyecto,si784-2025-ii-u1-devsters,0,0,0,0,0,0,0,0,0,0,0,0,0,0,0,0,0,0,0,0,0,0,0
UPT-FAING-EPIS/proyecto-si885-2025-ii-u1-camac_rosas,proyecto,si885-2025-ii-u1-camac_rosas,0,0,0,0,0,0,0,0,0,0,0,0,0,0,0,0,0,1,0,0,0,0,0
UPT-FAING-EPIS/proyecto-si889-2025-ii-u1-fistdev2,proyecto,si889-2025-ii-u1-fistdev2,0,0,0,0,0,0,0,0,0,0,0,0,0,0,0,0,0,0,0,0,0,0,0
UPT-FAING-EPIS/proyecto-si889-2025-ii-u1-huaman_ancco_rivera,proyecto,si889-2025-ii-u1-huaman_ancco_rivera,0,0,0,0,0,0,0,0,0,0,0,0,0,0,0,0,0,0,0,0,0,0,0
UPT-FAING-EPIS/proyecto-si885-2025-ii-u1-easybeca-dashboard,proyecto,si885-2025-ii-u1-easybeca-dashboard,0,0,0,0,0,0,0,0,0,0,0,0,0,0,0,0,0,1,0,0,0,0,0
